-- Adminer 4.7.8 MySQL dump

SET NAMES utf8;
SET time_zone = '+00:00';
SET foreign_key_checks = 0;
SET sql_mode = 'NO_AUTO_VALUE_ON_ZERO';

SET NAMES utf8mb4;

CREATE DATABASE `visit` /*!40100 DEFAULT CHARACTER SET utf8mb4 COLLATE utf8mb4_general_ci */;
USE `visit`;

CREATE TABLE `cargo_noche` (
  `id` int(11) NOT NULL AUTO_INCREMENT,
  `id_usuario` int(11) DEFAULT NULL,
  `fecha` varchar(256) DEFAULT NULL,
  `total` double DEFAULT 0,
  `cantidad_hab` int(11) DEFAULT NULL,
  `estado` int(11) DEFAULT NULL,
  PRIMARY KEY (`id`)
) ENGINE=InnoDB AUTO_INCREMENT=4 DEFAULT CHARSET=utf8 COLLATE=utf8_spanish_ci;

INSERT INTO `cargo_noche` (`id`, `id_usuario`, `fecha`, `total`, `cantidad_hab`, `estado`) VALUES
(1,	2,	'1662392517',	1600,	2,	1),
(2,	1,	'1666904370',	2800,	4,	1),
(3,	10,	'1666907549',	600,	1,	1);

CREATE TABLE `categoria` (
  `id` int(11) NOT NULL AUTO_INCREMENT,
  `nombre` varchar(256) DEFAULT NULL,
  `estado` int(11) DEFAULT NULL,
  PRIMARY KEY (`id`)
) ENGINE=InnoDB AUTO_INCREMENT=14 DEFAULT CHARSET=utf8 COLLATE=utf8_spanish_ci;

INSERT INTO `categoria` (`id`, `nombre`, `estado`) VALUES
(1,	'Alimentos',	1),
(2,	'Bebidas',	1),
(3,	'Botanas',	1),
(4,	'Dulces',	1),
(5,	'Postres',	0),
(6,	'Otros',	1),
(7,	'Alcohol',	1),
(8,	'Entradas',	1),
(9,	'Cocteles',	1),
(10,	'Dulces',	0),
(11,	'Postres',	1),
(12,	'Otros',	0),
(13,	'Alcohol',	0);

CREATE TABLE `concepto` (
  `id` int(11) NOT NULL AUTO_INCREMENT,
  `activo` int(11) NOT NULL,
  `id_ticket` int(11) DEFAULT NULL,
  `id_usuario` int(11) DEFAULT NULL,
  `nombre` varchar(256) DEFAULT NULL,
  `cantidad` int(11) DEFAULT NULL,
  `precio` double DEFAULT NULL,
  `total` double DEFAULT NULL,
  `efectivo_pago` int(11) DEFAULT NULL,
  `tipo_pago` int(11) DEFAULT NULL,
  `tipo_cargo` int(11) DEFAULT NULL,
  `categoria` int(11) DEFAULT NULL,
  PRIMARY KEY (`id`)
) ENGINE=InnoDB AUTO_INCREMENT=87 DEFAULT CHARSET=utf8 COLLATE=utf8_spanish_ci;

INSERT INTO `concepto` (`id`, `activo`, `id_ticket`, `id_usuario`, `nombre`, `cantidad`, `precio`, `total`, `efectivo_pago`, `tipo_pago`, `tipo_cargo`, `categoria`) VALUES
(1,	0,	23,	2,	'Primer abono de habitacion 1',	1,	600,	600,	0,	3,	3,	1),
(2,	0,	24,	2,	'Sopa',	1,	25,	25,	0,	4,	2,	1),
(3,	0,	24,	2,	'Pita',	1,	65,	65,	0,	4,	2,	1),
(4,	0,	24,	2,	'Flautas',	1,	65,	65,	0,	4,	2,	1),
(5,	0,	25,	2,	'Pizza',	1,	95,	95,	0,	1,	1,	1),
(6,	0,	25,	2,	'Sushi',	1,	85,	85,	0,	1,	1,	1),
(7,	0,	25,	2,	'Camarones',	1,	125,	125,	0,	1,	1,	1),
(8,	0,	25,	2,	'Agua',	1,	20,	20,	0,	1,	1,	2),
(9,	0,	26,	2,	'Cecina',	1,	55,	55,	0,	3,	2,	3),
(10,	0,	26,	2,	'Alitas',	1,	75,	75,	0,	3,	2,	3),
(11,	0,	27,	2,	'Primer abono de habitacion 2',	1,	70,	70,	1,	1,	3,	2),
(12,	0,	28,	2,	'Panditas',	1,	22,	22,	0,	2,	1,	4),
(13,	0,	28,	2,	'Paleta',	1,	10,	10,	0,	2,	1,	4),
(14,	0,	29,	2,	'Jugo',	1,	25,	25,	0,	1,	1,	2),
(15,	0,	29,	2,	'Cafe',	1,	25,	25,	0,	1,	1,	2),
(16,	0,	30,	2,	'Primer abono de habitacion 4',	1,	4000,	4000,	1,	1,	3,	4),
(17,	0,	31,	2,	'Abono de hospedaje',	1,	600,	600,	0,	2,	3,	4),
(18,	0,	32,	2,	'Abono de hospedaje',	1,	400,	400,	1,	1,	3,	4),
(19,	1,	32,	2,	'Primer abono de habitacion 0',	1,	600,	600,	0,	3,	3,	0),
(20,	1,	32,	2,	'Primer abono de habitacion 0',	1,	500,	500,	0,	4,	3,	0),
(21,	1,	33,	2,	'Primer abono de habitacion 2',	1,	350,	350,	1,	1,	3,	2),
(22,	1,	33,	2,	'Primer abono de habitacion 0',	1,	400,	400,	1,	1,	3,	0),
(23,	1,	34,	2,	'Cecina',	1,	55,	55,	0,	2,	2,	3),
(24,	1,	34,	2,	'Refresco',	1,	25,	25,	0,	2,	2,	2),
(25,	1,	34,	2,	'Enchiladas',	1,	75,	75,	0,	2,	2,	1),
(26,	1,	34,	2,	'Panditas',	1,	22,	22,	0,	2,	2,	4),
(27,	1,	34,	2,	'Paleta',	1,	10,	10,	0,	2,	2,	4),
(28,	1,	35,	2,	'Primer abono de habitacion 3',	1,	1400,	1400,	1,	1,	3,	3),
(29,	1,	36,	2,	'Tacos',	1,	40,	40,	0,	1,	1,	1),
(30,	1,	36,	2,	'Cafe',	1,	25,	25,	0,	1,	1,	2),
(31,	1,	36,	2,	'Jugo',	1,	25,	25,	0,	1,	1,	2),
(32,	1,	36,	2,	'Lonche',	1,	25,	25,	0,	1,	1,	1),
(33,	1,	37,	2,	'Abono de hospedaje',	1,	1615,	1615,	0,	3,	3,	3),
(34,	1,	38,	1,	'Primer abono de habitacion 15',	1,	500,	500,	0,	2,	3,	2),
(35,	1,	39,	1,	'Primer abono de habitacion 16',	1,	500,	500,	1,	1,	3,	2),
(36,	1,	40,	10,	'Primer abono de habitacion 18',	1,	200,	200,	1,	1,	3,	2),
(37,	1,	41,	10,	'Primer abono de habitacion 19',	1,	100,	100,	1,	1,	3,	2),
(38,	1,	42,	10,	'Pastel',	1,	50,	50,	0,	1,	1,	11),
(39,	1,	43,	10,	'Refresco',	1,	25,	25,	1,	1,	2,	2),
(40,	1,	43,	10,	'Papas',	1,	25,	25,	1,	1,	2,	3),
(41,	1,	43,	10,	'Pastel',	1,	50,	50,	1,	1,	2,	11),
(42,	1,	44,	10,	'Cecina',	1,	55,	55,	1,	1,	2,	3),
(43,	1,	44,	10,	'Margarita',	1,	110,	110,	1,	1,	2,	9),
(44,	1,	44,	10,	'Pizza',	1,	95,	95,	1,	1,	2,	1),
(45,	1,	44,	10,	'Panditas',	1,	22,	22,	1,	1,	2,	4),
(46,	1,	45,	10,	'Abono de hospedaje',	1,	450,	450,	1,	1,	3,	18),
(47,	1,	46,	10,	'Abono de hospedaje',	1,	100,	100,	1,	1,	3,	18),
(48,	1,	47,	10,	'Abono de hospedaje',	1,	100,	100,	1,	1,	3,	18),
(49,	1,	48,	10,	'Abono de hospedaje',	1,	500,	500,	1,	1,	3,	18),
(50,	1,	49,	10,	'Primer abono de habitacion 20',	1,	300,	300,	1,	1,	3,	2),
(51,	1,	50,	10,	'Primer abono de habitacion ',	1,	500,	500,	1,	1,	3,	1),
(52,	1,	51,	10,	'Primer abono de habitacion 25',	1,	300,	300,	1,	1,	3,	3),
(53,	1,	52,	10,	'Abono de hospedaje',	1,	650,	650,	1,	1,	3,	18),
(54,	1,	53,	10,	'Enchiladas',	1,	75,	75,	1,	1,	2,	1),
(55,	1,	53,	10,	'Flautas',	1,	65,	65,	1,	1,	2,	1),
(56,	1,	53,	10,	'Cafe',	1,	25,	25,	1,	1,	2,	2),
(57,	1,	54,	10,	'Quesadillas',	1,	40,	40,	0,	1,	2,	1),
(58,	1,	54,	10,	'Tacos',	1,	40,	40,	0,	1,	2,	1),
(59,	1,	54,	10,	'Pastel',	1,	50,	50,	0,	1,	2,	11),
(60,	1,	54,	10,	'Cafe',	1,	25,	25,	0,	1,	2,	2),
(61,	1,	55,	10,	'Cecina',	1,	55,	55,	0,	1,	1,	3),
(62,	1,	55,	10,	'Sopa de la casa',	1,	40,	40,	0,	1,	1,	8),
(63,	1,	55,	10,	'Enchiladas',	1,	75,	75,	0,	1,	1,	1),
(64,	1,	55,	10,	'Jugo',	1,	25,	25,	0,	1,	1,	2),
(65,	1,	55,	10,	'Papas',	1,	25,	25,	0,	1,	1,	3),
(66,	1,	56,	10,	'Papas',	1,	25,	25,	0,	1,	1,	3),
(67,	1,	56,	10,	'Refresco',	1,	25,	25,	0,	1,	1,	2),
(68,	1,	56,	10,	'Paleta',	1,	10,	10,	0,	1,	1,	4),
(69,	1,	57,	10,	'Refresco',	1,	25,	25,	1,	1,	2,	2),
(70,	1,	57,	10,	'Papas',	1,	25,	25,	1,	1,	2,	3),
(71,	1,	57,	10,	'Pastel',	1,	50,	50,	1,	1,	2,	11),
(72,	1,	58,	10,	'Refresco',	1,	25,	25,	1,	1,	2,	2),
(73,	1,	58,	10,	'Papas',	1,	25,	25,	1,	1,	2,	3),
(74,	1,	58,	10,	'Pastel',	1,	50,	50,	1,	1,	2,	11),
(75,	1,	58,	10,	'Enchiladas',	1,	75,	75,	1,	1,	2,	1),
(76,	1,	59,	10,	'Quesadillas',	1,	40,	40,	0,	1,	2,	1),
(77,	1,	59,	10,	'Cafe',	1,	25,	25,	0,	1,	2,	2),
(78,	1,	60,	10,	'Abono de hospedaje',	1,	60,	60,	1,	1,	3,	26),
(79,	1,	61,	10,	'Primer abono de habitacion 25',	1,	200,	200,	0,	2,	3,	3),
(80,	1,	62,	10,	'Primer abono de habitacion 25',	1,	200,	200,	0,	2,	3,	3),
(81,	1,	63,	10,	'Primer abono de habitacion 25',	1,	200,	200,	0,	2,	3,	3),
(82,	1,	64,	10,	'Primer abono de habitacion 22',	1,	100,	100,	0,	2,	3,	2),
(83,	1,	65,	10,	'Abono de hospedaje',	1,	220,	220,	1,	1,	3,	25),
(84,	1,	66,	10,	'Primer abono de habitacion 25',	1,	100,	100,	0,	2,	3,	3),
(85,	1,	67,	10,	'Primer abono de habitacion 6',	1,	200,	200,	0,	2,	3,	2),
(86,	1,	68,	10,	'Primer abono de habitacion 25',	1,	200,	200,	0,	2,	3,	3);

CREATE TABLE `configuracion` (
  `id` int(11) NOT NULL AUTO_INCREMENT,
  `corte` int(11) NOT NULL,
  `nombre` varchar(256) NOT NULL,
  `imagen` varchar(256) NOT NULL,
  `portada_hab` int(11) NOT NULL,
  `firma_hab` int(11) NOT NULL,
  `portada_msg` text NOT NULL,
  `pre_ver_corte` int(11) NOT NULL,
  `efectivo_caja` int(11) NOT NULL DEFAULT 0,
  `activacion` int(11) NOT NULL,
  `registro` int(11) NOT NULL,
  `motel` int(11) NOT NULL,
  `hospedaje` int(11) NOT NULL,
  `cancelado` int(11) NOT NULL DEFAULT 0,
  `placas` int(11) NOT NULL DEFAULT 0,
  `automatizacion` int(11) NOT NULL DEFAULT 0,
  `luz` int(11) NOT NULL DEFAULT 0,
  `credencial_auto` varchar(256) NOT NULL,
  `cortinas` int(11) NOT NULL DEFAULT 0,
  `teclado` int(11) NOT NULL DEFAULT 0,
  `auto_cortinas` int(11) NOT NULL,
  `auto_luz` int(11) NOT NULL,
  `medio_turno` int(11) NOT NULL DEFAULT 0,
  `horas_extras` int(11) NOT NULL DEFAULT 0,
  `canc_antes` int(11) NOT NULL DEFAULT 0,
  `canc_despues` int(11) NOT NULL DEFAULT 0,
  `doble_limpieza` int(11) NOT NULL DEFAULT 0,
  `inventario_corte` int(11) NOT NULL DEFAULT 0,
  `detallado_ticket` int(11) NOT NULL DEFAULT 0,
  `mapa` varchar(256) NOT NULL,
  `ticket_restaurante` int(11) NOT NULL DEFAULT 0,
  `pantalla_on_off` int(11) NOT NULL DEFAULT 0,
  `puntos` int(11) NOT NULL DEFAULT 0,
  `autocobro` int(11) NOT NULL DEFAULT 0,
  `checkin` int(11) NOT NULL DEFAULT 0,
  PRIMARY KEY (`id`),
  KEY `corte` (`corte`)
) ENGINE=InnoDB AUTO_INCREMENT=2 DEFAULT CHARSET=utf8 COLLATE=utf8_spanish_ci;

INSERT INTO `configuracion` (`id`, `corte`, `nombre`, `imagen`, `portada_hab`, `firma_hab`, `portada_msg`, `pre_ver_corte`, `efectivo_caja`, `activacion`, `registro`, `motel`, `hospedaje`, `cancelado`, `placas`, `automatizacion`, `luz`, `credencial_auto`, `cortinas`, `teclado`, `auto_cortinas`, `auto_luz`, `medio_turno`, `horas_extras`, `canc_antes`, `canc_despues`, `doble_limpieza`, `inventario_corte`, `detallado_ticket`, `mapa`, `ticket_restaurante`, `pantalla_on_off`, `puntos`, `autocobro`, `checkin`) VALUES
(1,	0,	'Marca',	'picturevisit55.png',	19,	0,	'Vencimiento 7 horas </br>\r\nNo se aceptan menores de edad</br>\r\nSe aceptan pagos con tarjeta',	1,	0,	1766951435,	0,	1,	1,	0,	1,	0,	0,	'marca:marca@',	0,	1,	0,	0,	0,	1,	0,	0,	0,	0,	0,	'',	0,	1,	0,	0,	1);

CREATE TABLE `corte` (
  `id` int(11) NOT NULL AUTO_INCREMENT,
  `id_usuario` int(11) NOT NULL,
  `fecha` varchar(256) NOT NULL,
  `etiqueta` int(11) NOT NULL,
  `total` double NOT NULL,
  `efectivo` double NOT NULL,
  `tarjeta` double NOT NULL,
  `forma_pago_tres` double NOT NULL,
  `forma_pago_cuatro` double NOT NULL,
  `forma_pago_cinco` double NOT NULL,
  `forma_pago_seis` double NOT NULL,
  `forma_pago_siete` double NOT NULL,
  `forma_pago_ocho` double NOT NULL,
  `forma_pago_nueve` double NOT NULL,
  `forma_pago_diez` double NOT NULL,
  `descuento` double NOT NULL,
  `cantidad_habitaciones` int(11) NOT NULL,
  `total_habitaciones` double NOT NULL,
  `restaurante` double NOT NULL,
  `estado` int(11) NOT NULL,
  PRIMARY KEY (`id`)
) ENGINE=InnoDB AUTO_INCREMENT=6 DEFAULT CHARSET=utf8 COLLATE=utf8_spanish_ci;

INSERT INTO `corte` (`id`, `id_usuario`, `fecha`, `etiqueta`, `total`, `efectivo`, `tarjeta`, `forma_pago_tres`, `forma_pago_cuatro`, `forma_pago_cinco`, `forma_pago_seis`, `forma_pago_siete`, `forma_pago_ocho`, `forma_pago_nueve`, `forma_pago_diez`, `descuento`, `cantidad_habitaciones`, `total_habitaciones`, `restaurante`, `estado`) VALUES
(2,	2,	'1660596410',	2,	1505,	205,	300,	1000,	0,	0,	0,	0,	0,	0,	0,	0,	1000,	1000,	505,	0),
(3,	2,	'1660674503',	3,	755,	0,	0,	600,	155,	0,	0,	0,	0,	0,	0,	0,	600,	600,	155,	0),
(4,	2,	'1660860267',	4,	232,	700,	32,	130,	0,	0,	0,	0,	0,	0,	0,	0,	70,	70,	162,	0),
(5,	2,	'1661805721',	5,	5000,	4400,	600,	0,	0,	0,	0,	0,	0,	0,	0,	0,	5000,	5000,	0,	0);

CREATE TABLE `cuenta` (
  `id` int(11) NOT NULL AUTO_INCREMENT,
  `id_usuario` int(11) DEFAULT NULL,
  `mov` int(11) DEFAULT NULL,
  `descripcion` varchar(256) DEFAULT NULL,
  `fecha` varchar(256) DEFAULT NULL,
  `forma_pago` int(11) DEFAULT NULL,
  `cargo` double DEFAULT 0,
  `abono` double DEFAULT 0,
  `estado` int(11) DEFAULT NULL,
  PRIMARY KEY (`id`)
) ENGINE=InnoDB AUTO_INCREMENT=66 DEFAULT CHARSET=utf8 COLLATE=utf8_spanish_ci;

INSERT INTO `cuenta` (`id`, `id_usuario`, `mov`, `descripcion`, `fecha`, `forma_pago`, `cargo`, `abono`, `estado`) VALUES
(1,	2,	8,	'Total reservacion',	'1660626000',	3,	1200,	600,	2),
(2,	2,	8,	'Total reservacion*',	'1660626000',	1,	0,	0,	2),
(3,	2,	8,	'Restaurante*',	'1660674065',	1,	325,	0,	2),
(4,	2,	10,	'Total reservacoin',	'1660798800',	1,	0,	700,	2),
(5,	2,	10,	'Restaurante',	'1660860240',	1,	50,	0,	2),
(6,	2,	11,	'Total reservacion',	'1661490000',	1,	5000,	4000,	2),
(7,	2,	11,	'Apoyo',	'1661533433',	2,	0,	600,	2),
(8,	2,	11,	'Liquidar',	'1661798246',	1,	0,	400,	2),
(9,	2,	11,	'Total reservacion',	'1661805887',	3,	400,	600,	1),
(10,	2,	11,	'Total reservacion',	'1661807670',	3,	400,	600,	1),
(11,	2,	11,	'Total reservacion',	'1661808912',	4,	100,	500,	1),
(12,	2,	12,	'Total reservacion',	'1661749200',	1,	150,	350,	1),
(13,	2,	14,	'Total reservacion',	'1662354000',	1,	2900,	1400,	1),
(14,	2,	14,	'Restaurante',	'1662389776',	1,	115,	0,	1),
(15,	2,	14,	'Pago total',	'1662390319',	3,	0,	1615,	1),
(16,	2,	15,	'Total reservacion',	'1662354000',	1,	0,	0,	1),
(17,	2,	16,	'Total reservacion',	'1662354000',	1,	0,	0,	1),
(18,	2,	16,	'Cargo por noche',	'1662392516',	1,	1000,	0,	1),
(19,	2,	15,	'Cargo por noche',	'1662392516',	1,	600,	0,	1),
(20,	1,	20,	'Total reservacion',	'1666846800',	2,	0,	500,	1),
(21,	1,	21,	'Total reservacion',	'1666846800',	1,	0,	500,	1),
(22,	1,	16,	'Cargo por noche',	'1666904370',	1,	1000,	0,	1),
(23,	1,	15,	'Cargo por noche',	'1666904370',	1,	600,	0,	1),
(24,	1,	20,	'Cargo por noche',	'1666904370',	1,	600,	0,	1),
(25,	1,	21,	'Cargo por noche',	'1666904370',	1,	600,	0,	1),
(26,	10,	22,	'Total reservacion',	'1667106000',	1,	0,	0,	1),
(27,	10,	23,	'Total reservacion',	'1667019600',	1,	0,	200,	0),
(28,	10,	24,	'Total reservacion',	'1667628000',	1,	0,	100,	1),
(29,	10,	23,	'Restaurante',	'1666905782',	1,	50,	0,	1),
(30,	10,	25,	'Total reservacion',	'1668060000',	1,	0,	0,	1),
(31,	10,	23,	'Cargo por noche',	'1666907549',	1,	600,	0,	1),
(32,	10,	23,	'abono total ',	'1666908049',	1,	0,	450,	0),
(33,	10,	23,	'abono ',	'1666908277',	1,	0,	100,	0),
(34,	10,	23,	'abono ',	'1666908742',	1,	0,	100,	0),
(35,	10,	23,	'abono ',	'1666909008',	1,	0,	500,	0),
(36,	10,	23,	'Total suplementos',	'1667019600',	1,	0,	0,	1),
(37,	10,	23,	'Pago al reservar',	'1667019600',	1,	0,	200,	0),
(38,	10,	28,	'Total reservacion',	'1667106000',	1,	0,	300,	1),
(39,	10,	29,	'Total reservacion',	'1667455200',	1,	0,	500,	1),
(40,	10,	30,	'Total reservacion',	'1668060000',	1,	0,	300,	1),
(41,	10,	23,	'abono ',	'1666969515',	1,	0,	650,	1),
(42,	10,	31,	'Total reservacion',	'1666975043',	1,	0,	500,	1),
(43,	10,	33,	'Total reservacion',	'1667106000',	1,	0,	0,	1),
(44,	10,	0,	'Restaurante mesa: 4  con credencial 5245215121524512',	'1666979304',	1,	155,	0,	1),
(45,	10,	35,	'Total reservacion',	'1667019600',	1,	0,	0,	1),
(46,	10,	37,	'Total reservacion',	'1666987469',	1,	0,	0,	1),
(47,	10,	37,	'Restaurante',	'1666987642',	1,	220,	0,	1),
(48,	10,	35,	'Restaurante',	'1666988552',	1,	60,	0,	1),
(49,	10,	41,	'Total reservacion',	'1667196000',	1,	0,	0,	1),
(50,	10,	35,	'abono ',	'1667243292',	1,	0,	60,	1),
(51,	10,	42,	'Total reservacion',	'1667196000',	2,	3,	300,	1),
(52,	10,	43,	'Total reservacion',	'1667196000',	2,	4,	300,	1),
(53,	10,	44,	'Total reservacion',	'1667196000',	2,	11,	300,	1),
(54,	10,	45,	'Total reservacion',	'1667455200',	2,	11,	200,	1),
(55,	10,	37,	'abono ',	'1667249094',	1,	0,	220,	1),
(56,	10,	46,	'Total reservacion',	'1667196000',	2,	3,	200,	1),
(57,	10,	47,	'Total reservacion',	'1667196000',	2,	1,	300,	1),
(58,	10,	48,	'Total reservacion',	'1667196000',	1,	0,	100,	1),
(59,	10,	49,	'Total reservacion',	'1667196000',	2,	2,	300,	1),
(60,	10,	50,	'Total reservacion',	'1667282400',	2,	1,	100,	1),
(61,	10,	51,	'Total reservacion',	'1667628000',	2,	0,	0,	1),
(62,	10,	52,	'Total reservacion',	'1667628000',	2,	0,	0,	1),
(63,	10,	53,	'Total reservacion',	'1667628000',	2,	0,	0,	1),
(64,	10,	54,	'Total reservacion',	'1667628000',	2,	0,	0,	1),
(65,	2,	55,	'Total reservacion',	'1678255200',	1,	1,	600,	1);

CREATE TABLE `cupon` (
  `id` int(11) NOT NULL AUTO_INCREMENT,
  `codigo` varchar(256) DEFAULT NULL,
  `descripcion` varchar(256) DEFAULT NULL,
  `fecha` varchar(256) DEFAULT NULL,
  `vigencia_inicio` varchar(256) DEFAULT NULL,
  `vigencia_fin` varchar(256) DEFAULT NULL,
  `cantidad` double DEFAULT 0,
  `tipo` int(11) DEFAULT NULL,
  `estado` int(11) DEFAULT NULL,
  PRIMARY KEY (`id`)
) ENGINE=InnoDB AUTO_INCREMENT=8 DEFAULT CHARSET=utf8 COLLATE=utf8_spanish_ci;

INSERT INTO `cupon` (`id`, `codigo`, `descripcion`, `fecha`, `vigencia_inicio`, `vigencia_fin`, `cantidad`, `tipo`, `estado`) VALUES
(1,	'12345',	'Inicial',	'1643224588',	'1643693202',	'1643695202',	10,	0,	1),
(2,	'abc',	'Segundo',	'1643741960',	'1643695200',	'1646028000',	100,	1,	1),
(3,	'17',	'Cumpleañero',	'1659649283',	'1660539600',	'1661922000',	500,	1,	1),
(4,	'owo',	'Descuento agusto',	'1659720235',	'1659675600',	'1661922000',	10,	0,	1),
(5,	'hola ',	'hola ',	'1666896419',	'1666846800',	'1667106000',	1,	0,	0),
(6,	't655',	'cumpleaños ',	'1666904844',	'1667106000',	'1667368800',	10,	1,	0),
(7,	'1245',	'cumpleaños ',	'1666975158',	'1667019600',	'1667628000',	100,	1,	1);

CREATE TABLE `forma_pago` (
  `id` int(11) NOT NULL AUTO_INCREMENT,
  `descripcion` varchar(256) DEFAULT NULL,
  `estado` int(11) DEFAULT NULL,
  PRIMARY KEY (`id`)
) ENGINE=InnoDB AUTO_INCREMENT=6 DEFAULT CHARSET=latin1 COLLATE=latin1_swedish_ci;

INSERT INTO `forma_pago` (`id`, `descripcion`, `estado`) VALUES
(1,	'Efectivo',	1),
(2,	'Tarjeta',	1),
(3,	'Transferencia',	1),
(4,	'Cupon',	1),
(5,	'trasvale ',	0);

CREATE TABLE `hab` (
  `id` int(11) NOT NULL AUTO_INCREMENT,
  `nombre` varchar(256) DEFAULT NULL,
  `tipo` int(11) DEFAULT NULL,
  `mov` int(11) DEFAULT NULL,
  `comentario` varchar(256) DEFAULT NULL,
  `estado` int(11) DEFAULT NULL,
  `cargo_noche` int(11) DEFAULT NULL,
  `estado_hab` int(11) DEFAULT NULL,
  PRIMARY KEY (`id`)
) ENGINE=InnoDB AUTO_INCREMENT=39 DEFAULT CHARSET=latin1 COLLATE=latin1_swedish_ci;

INSERT INTO `hab` (`id`, `nombre`, `tipo`, `mov`, `comentario`, `estado`, `cargo_noche`, `estado_hab`) VALUES
(1,	'1',	1,	16,	'Leyenda de habitación',	1,	0,	1),
(2,	'2',	1,	12,	'Segunda',	2,	0,	1),
(3,	'3',	1,	58,	'Tercero',	5,	0,	1),
(4,	'4',	1,	56,	'Cuarta',	3,	0,	1),
(5,	'5',	1,	31,	'Quinta',	1,	0,	1),
(6,	'6',	2,	47,	'Sexta',	2,	0,	1),
(7,	'7',	2,	57,	'Septima',	4,	0,	1),
(8,	'8',	2,	0,	'Octava',	0,	0,	1),
(9,	'9',	2,	0,	'Novena',	0,	0,	1),
(10,	'10',	2,	0,	'Decima',	0,	0,	1),
(11,	'11',	2,	0,	'Undecima ',	0,	0,	1),
(12,	'12',	2,	0,	'Duodecima ',	0,	0,	1),
(13,	'13',	2,	15,	'Decimotercera',	1,	0,	1),
(14,	'14',	2,	0,	'Decimocuarta',	0,	0,	1),
(15,	'15',	2,	20,	'Decimoquinta',	1,	0,	1),
(16,	'16',	2,	21,	'Decimosexta',	1,	0,	1),
(17,	'17',	2,	0,	'Decimoseptima',	0,	0,	1),
(18,	'18',	2,	23,	'Decimoctava',	0,	0,	1),
(19,	'19',	2,	24,	'Decimonovena',	1,	0,	1),
(20,	'20',	2,	28,	'Vigesima',	0,	0,	1),
(21,	'21',	2,	0,	'Vigesimaprimera',	0,	0,	1),
(22,	'22',	2,	45,	'Vigesimasegunda',	0,	0,	1),
(23,	'23',	2,	0,	'Vigesimatercera',	0,	0,	1),
(24,	'24',	2,	9,	'Vigesimacuarta',	0,	0,	1),
(25,	'26',	3,	37,	'Para 3 personas',	0,	0,	1),
(26,	'25',	3,	50,	'Para 3 personas',	0,	0,	1),
(27,	'sdsd',	191,	0,	'ssss',	0,	0,	0),
(28,	'',	0,	0,	'',	0,	0,	1),
(29,	'SSS',	1,	0,	'SSSS',	0,	0,	0),
(30,	'W',	2,	0,	'WW',	0,	0,	0),
(31,	'wdawd',	189,	0,	'www',	0,	0,	0),
(32,	'awdawd',	1,	0,	'awdawd',	0,	0,	0),
(33,	'wwwww',	189,	0,	'5656ww',	0,	0,	0),
(34,	'Numero',	194,	0,	'ultima',	0,	0,	0),
(35,	'Numero',	189,	0,	'w',	0,	0,	0),
(36,	'awdadawda',	189,	0,	'awdadawdad',	0,	0,	0),
(37,	'Numero 1',	54,	0,	'Leyenda de habitación',	0,	0,	0),
(38,	'',	0,	0,	'',	0,	0,	1);

CREATE TABLE `huesped` (
  `id` int(11) NOT NULL AUTO_INCREMENT,
  `nombre` varchar(256) CHARACTER SET utf8 COLLATE utf8_spanish_ci DEFAULT NULL,
  `apellido` varchar(256) CHARACTER SET utf8 COLLATE utf8_spanish_ci DEFAULT NULL,
  `direccion` varchar(256) CHARACTER SET utf8 COLLATE utf8_spanish_ci DEFAULT NULL,
  `ciudad` varchar(256) CHARACTER SET utf8 COLLATE utf8_spanish_ci DEFAULT NULL,
  `estado` varchar(256) CHARACTER SET utf8 COLLATE utf8_spanish_ci DEFAULT NULL,
  `codigo_postal` varchar(256) CHARACTER SET utf8 COLLATE utf8_spanish_ci DEFAULT NULL,
  `telefono` varchar(256) CHARACTER SET utf8 COLLATE utf8_spanish_ci DEFAULT NULL,
  `correo` varchar(256) CHARACTER SET utf8 COLLATE utf8_spanish_ci DEFAULT NULL,
  `contrato` varchar(256) CHARACTER SET utf8 COLLATE utf8_spanish_ci DEFAULT NULL,
  `cupon` varchar(256) CHARACTER SET utf8 COLLATE utf8_spanish_ci DEFAULT NULL,
  `preferencias` tinytext CHARACTER SET utf8 COLLATE utf8_spanish_ci DEFAULT NULL,
  `comentarios` tinytext CHARACTER SET utf8 COLLATE utf8_spanish_ci DEFAULT NULL,
  `titular_tarjeta` varchar(256) CHARACTER SET utf8 COLLATE utf8_spanish_ci DEFAULT NULL,
  `tipo_tarjeta` varchar(256) CHARACTER SET utf8 COLLATE utf8_spanish_ci DEFAULT NULL,
  `numero_tarjeta` varchar(256) CHARACTER SET utf8 COLLATE utf8_spanish_ci DEFAULT NULL,
  `vencimiento_mes` varchar(256) CHARACTER SET utf8 COLLATE utf8_spanish_ci DEFAULT NULL,
  `vencimiento_ano` varchar(256) CHARACTER SET utf8 COLLATE utf8_spanish_ci DEFAULT NULL,
  `cvv` varchar(256) CHARACTER SET utf8 COLLATE utf8_spanish_ci DEFAULT NULL,
  `visitas` int(11) DEFAULT NULL,
  `estado_huesped` int(11) DEFAULT NULL,
  PRIMARY KEY (`id`)
) ENGINE=InnoDB AUTO_INCREMENT=73 DEFAULT CHARSET=latin1 COLLATE=latin1_swedish_ci;

INSERT INTO `huesped` (`id`, `nombre`, `apellido`, `direccion`, `ciudad`, `estado`, `codigo_postal`, `telefono`, `correo`, `contrato`, `cupon`, `preferencias`, `comentarios`, `titular_tarjeta`, `tipo_tarjeta`, `numero_tarjeta`, `vencimiento_mes`, `vencimiento_ano`, `cvv`, `visitas`, `estado_huesped`) VALUES
(1,	'Mario',	'Jimenez',	'Casiopea No. 4989, Colonia La Calma',	'Zapopan',	'Jalisco',	'45070a',	'3310457834',	'mario_jim@hotmail.com',	'Primario',	'Ninguno',	'Ninguna',	'',	'Mario Jimenez',	'Debito',	'',	'01',	'',	'',	2,	1),
(2,	'Oscar',	'Martinez',	'Chapultepec 1089, Americana',	'Guadalajara',	'Jalisco',	'46025',	'3312578964',	'oscar_mar@hotmail.com',	'Primarioa',	'Ninguno',	'Ninguna',	'Faltan por llegar',	'Oscar Martinez',	'Debito',	'1025963874120528',	'01',	'23',	'702',	67,	1),
(3,	'Claudia',	'Ramirez',	'Villas de San Juan 2A',	'Guadalajara',	'Jalisco',	'44284',	'3331654989',	'clau_ra@hotmail.com',	'Secundario',	'Ninguno',	'',	'',	'Claudia Ramirez',	'',	'',	'',	'',	'',	5,	1),
(4,	'Luis ',	'Campos',	'Lazaro Cardenas 869, La Nogalera',	'Guadalajara',	'Jalisco',	'44290',	'3331644011',	'luis_campos@hotmail.com',	'Secundario',	'Ninguno',	'Ninguna',	'',	'Luis Campos',	'Debito',	'',	'01',	'',	'',	5,	1),
(5,	'Paulo',	'Mora',	'Calle Prol. Lopez Mateos 2915, La Tijera',	'Guadalajara',	'Jalisco',	'49210',	'3331643387',	'paulo_mora@hotmail.com',	'Secundario',	'Ninguno',	'Ninguna',	'',	'Paulo Mora',	'Debito',	'',	'01',	'',	'',	2,	1),
(6,	'David',	'Hernandez',	'Heroes de Nacozari 225',	'Guadalajara',	'Jalisco',	'44430',	'3331644011',	'david_he@hotmail.com',	'Primario',	'Ninguno',	'',	'',	'David Hernandez',	'',	'',	'',	'',	'',	2,	1),
(7,	'Liliana',	'Perez',	'Gante 318, San Carlos',	'Guadalajara',	'Jalisco',	'44460',	'3336500535',	'lili_perez@hotmail.com',	'Secundario',	'Ninguno',	'',	'',	'Liliana Perez',	'',	'',	'',	'',	'',	0,	1),
(8,	'Maria',	'Sandoval',	'Av Faro 3048, Sta. Eduwiges, 44580',	'Guadalajara',	'Jalisco',	'44580',	'3335632284',	'ma_san@hotmail.com',	'Primario',	'Ninguno',	'',	'',	'Maria Sandoval',	'',	'',	'',	'',	'',	2,	1),
(9,	'Mar',	'Torres',	'Chapultepec 2089, Americana',	'Guadalajara',	'Jalisco',	'45582',	'3311458795',	'mar_torres@hotmail.com',	'Secundario',	'No',	'Comida sin grasa',	'No',	'',	'0',	'',	'0',	'',	'',	3,	1),
(10,	'Miguel Angel',	'Flores',	'ISLA BRITANICA 3438',	'GUADALAJARA',	'JALISCO',	'45070',	'3324721078',	'mario.flores@hotmail.com',	'Primario',	'',	'Ninguna',	'Sin comentario',	'',	'0',	'',	'0',	'',	'',	0,	1),
(11,	'pancho ',	'guzmán ',	'panteon 4221',	'Guadalajara ',	'jalisco ',	'45022',	'3325856998',	'lolo@hotmail.com',	'sencillo ',	'',	'ninguna ',	'ninguno ',	'pancho Guzmán ',	'Credito',	'5425658535478624',	'12',	'26',	'352',	0,	1),
(12,	'juan ',	'perez ',	'prados ',	'Guadalajara ',	'jalisco ',	'45022',	'3315452121',	'juan@hotmail.com',	'primario ',	'no ',	'ninguna',	'ninguno ',	'juan perez',	'Debito',	'2455845956554984',	'10',	'26',	'524',	0,	0),
(13,	'juan ',	'perez ',	'prados ',	'Guadalajara ',	'jalisco ',	'45022',	'3315452121',	'juan@hotmail.com',	'primario ',	'no ',	'ninguna ',	'ninguno ',	'juan perez',	'0',	'5262853215751515',	'10',	'26',	'324',	0,	0),
(14,	'pancho ',	'guzmán ',	'panteon 4221',	'Guadalajara ',	'jalisco ',	'45022',	'3325856998',	'lolo@hotmail.com',	'primario ',	'no ',	'ninguna ',	'ninguno ',	'pancho Guzmán ',	'Credito',	'5646545156431542',	'12',	'29',	'254',	0,	0),
(15,	'lorena ',	'garcia',	'panteon 4221',	'Guadalajara ',	'jalisco ',	'45022',	'3325856998',	'lore@hotmail.com',	'primario ',	'no ',	'ninguna ',	'ninguno ',	'lorena garcia',	'Credito',	'2151206521653216',	'12',	'29',	'214',	0,	0),
(16,	'pedro lorenzo ',	'tamayo ',	'justo cierra ',	'Guadalajara ',	'jalisco ',	'45585',	'6334525452',	'jdfn@hotmail.com',	'secundario',	'no ',	'ninguna ',	'ninguno ',	'pedro lorenzo tamayo ',	'Credito',	'5444654635456484',	'10',	'29',	'655',	7,	1),
(17,	'0',	'0',	'0',	'0',	'0',	'0',	'0',	'0',	'0',	'0',	'0',	'0',	'0',	'Debito',	'0',	'01',	'0',	'0',	0,	0),
(18,	'lolita ',	'cortez ',	'prados ',	'Guadalajara ',	'jalisco ',	'45022',	'3315452121',	'lolita@jbdfhdj',	'primario ',	'1245',	'ninguna ',	'ninguno ',	'lolita guzman ',	'Credito',	'4114145421515121',	'12',	'29',	'447',	0,	1),
(19,	'0',	'0',	'0',	'0',	'0',	'0',	'0',	'0',	'0',	'0',	'0',	'0',	'0',	'Debito',	'0',	'01',	'0',	'0',	0,	0),
(20,	'karen ',	'Gutierrez  ',	'calle luna 4455',	'Guadalajara ',	'jalisco ',	'45257',	'3342154454',	'Kgutierrez@hotmail.com',	'primario ',	'',	'ninguna ',	'ninguno ',	'',	'0',	'',	'0',	'',	'',	0,	1),
(21,	'lorena ',	'Garcia ',	'panteon 4221',	'Guadalajara ',	'jalisco ',	'45022',	'3325856998',	'lore@hotmail.com',	'primario ',	'',	'ninguna ',	'ninguno ',	'',	'Credito',	'',	'12',	'',	'',	0,	0),
(22,	'juan ',	'Hernandez ',	'Rinconada 1421',	'Guadalajara ',	'jalisco ',	'45550',	'3315225457',	'jh@hotmail.com',	'primario ',	'',	'ninguna ',	'ninguno ',	'',	'0',	'',	'0',	'',	'',	0,	0),
(23,	'juan ',	'Hernandez',	'Rinconada 1421',	'Guadalajara ',	'jalisco ',	'45550',	'3315225457',	'jh@hotmail.com',	'primario ',	'',	'ninguna ',	'ninguno ',	'',	'Credito',	'',	'12',	'',	'',	0,	0),
(24,	'juan ',	'Hernandez ',	'Rinconada 1421',	'Guadalajara ',	'jalisco ',	'45022',	'3325856998',	'jh@hotmail.com',	'primario ',	'',	'ninguna ',	'ninguno ',	'',	'Credito',	'',	'12',	'',	'',	0,	1),
(25,	'Martha ',	'Castro ',	'playa chamela ',	'Guadalajara ',	'jalisco ',	'45052',	'3325858465',	'Martha15@hotmail.com',	'primario ',	'',	'ninguna ',	'ninguno ',	'',	'Credito',	'',	'12',	'',	'',	0,	1),
(26,	'Alexander ',	'Reynoso ',	'Quinta Avenida ',	'Guadalajara ',	'jalisco ',	'45021',	'3318252145',	'A_Magno@hotmail.com',	'primario ',	'1245',	'ninguna ',	'ninguno ',	'Alexander Torres ',	'Debito',	'4546546265313546',	'11',	'29',	'214',	0,	0),
(27,	'pedro ',	'moreno',	'calixto 442',	'Guadalajara ',	'jalisco ',	'42854',	'3325127458',	'pedro@hotmail.com',	'primario ',	'',	'ninguna ',	'ninguno ',	'',	'0',	'',	'0',	'',	'',	0,	1),
(28,	'lucrecia ',	'Mendez ',	'Rinconada 1421',	'Guadalajara ',	'jalisco ',	'45550',	'3325856998',	'lolo@hotmail.com',	'primario ',	'',	'ninguna ',	'ninguno ',	'',	'0',	'',	'0',	'',	'',	0,	1),
(29,	'Jennifer ',	'Garcia',	'panteon 4221',	'Guadalajara ',	'jalisco ',	'45550',	'3325856998',	'lolita@jbdfhdj',	'primario ',	'',	'ninguna ',	'ninguno ',	'',	'0',	'',	'0',	'',	'',	11,	1),
(30,	'casandra ',	'maldonado',	'panteon 4221',	'Guadalajara ',	'jalisco ',	'45022',	'3325856998',	'mald@hotmail.com',	'primario ',	'1245',	'ninguna ',	'ninguno ',	'casandra maldonado',	'Credito',	'5416451654651315',	'12',	'26',	'546',	0,	0),
(31,	'prueba',	'prueba',	'prueba',	'prueba',	'prueba',	'prueba',	'22222',	'prueba',	'prueba',	'prueba',	'prueba',	'prueba',	'prueba',	'Debito',	'prueba',	'02',	'19',	'pru',	0,	0),
(32,	'',	'',	'',	'',	'',	'',	'',	'',	'',	'',	'',	'',	'',	'',	'',	'',	'',	'',	0,	0),
(33,	'Nombre',	'Nombre',	'Nombre',	'Nombre',	'Nombre',	'Nombre',	'333333333333',	'Nombre',	'Nombre',	'Nombre',	'Nombre',	'Nombre',	'Nombre',	'Debito',	'Nombre',	'02',	'99',	'333',	0,	0),
(34,	'nombre',	'nombrenombre',	'nombre',	'nombrenombre',	'nombre',	'nombre',	'nombre',	'nombre',	'nombre',	'nombre',	'nombre',	'nombre',	'nombre',	'Credito',	'nombre',	'01',	'',	'nom',	0,	0),
(35,	'',	'',	'',	'',	'',	'',	'',	'',	'',	'',	'',	'',	'',	'',	'',	'',	'',	'',	0,	0),
(36,	'',	'',	'',	'',	'',	'',	'',	'',	'',	'',	'',	'',	'',	'',	'',	'',	'',	'',	0,	0),
(37,	'',	'',	'',	'',	'',	'',	'',	'',	'',	'',	'',	'',	'',	'',	'',	'',	'',	'',	0,	0),
(38,	'',	'',	'',	'',	'',	'',	'',	'',	'',	'',	'',	'',	'',	'',	'',	'',	'',	'',	0,	0),
(39,	'Nombre',	'Nombre',	'Nombre',	'Nombre',	'Nombre',	'Nombre',	'Nombre',	'Nombre',	'Nombre',	'Nombre',	'Nombre',	'Nombre',	'Nombre',	'',	'Nombre',	'',	'99',	'Nom',	0,	0),
(40,	'wawd',	'wdad',	'adad',	'awda',	'awda',	'wdad',	'wdad',	'awd',	'awda',	'a',	'dawdada',	'dadaw',	'awd',	'',	'2323234234234',	'',	'23',	'424',	0,	0),
(41,	'asd',	'asd',	'asd',	'asd',	'asd',	'asd',	'asd',	'asd',	'asd',	'asd',	'asd',	'asd',	'asd',	'',	'1231231321',	'',	'12',	'121',	0,	0),
(42,	'Nombre:',	' Apellido:',	'Dirección:',	' Ciudad:',	'Estado:',	' Código postal:',	'Teléfono:',	' Correo:',	'Contrato Socio:',	'Cupón:',	'Preferencias del huésped:',	'Comentarios adicionales:',	'Titular de la tarjeta:',	'',	'1234567890',	'01',	'19',	'123',	0,	0),
(43,	'1Nombre:',	'1Apellido:',	'1Dirección:',	'1Ciudad:',	'1Estado:',	'1 Código postal:',	'1Teléfono:',	'1Correo:',	'1Contrato Socio:',	'1Cupón:',	'1Preferencias del huésped:',	'1Comentarios adicionales:',	'Titular de la tarjeta:',	'',	'Número de la tar',	'02',	'22',	'123',	0,	0),
(44,	'Nombre:',	'Nombre',	'nombre',	'Nombre',	'nombre',	'nombre',	'nombre',	'Nombre',	'nombre',	'nombre',	'nombre',	'nombre',	'nombre',	'',	'3333333333333333',	'01',	'19',	'333',	0,	0),
(45,	'nombre',	'nombre',	'nombre',	'nombre',	'nombre',	'nombre',	'nombre',	'v',	'nombre',	'nombre',	'v',	'nombre',	'nombre',	'',	'2222222222222222',	'02',	'33',	'222',	0,	0),
(46,	'Nombre:',	'Nombre:',	'Nombre:',	'Nombre:',	'Nombre:',	'Nombre:',	'Nombre:',	'Nombre:',	'Nombre:',	'Nombre:',	'Nombre:',	'Nombre:',	'Nombre:',	'',	'2222222222222222',	'01',	'19',	'222',	0,	0),
(47,	'nombre',	'nombre',	'nombre',	'nombrenombre',	'nombre',	'nombre',	'nombre',	'nombre',	'nombre',	'nombre',	'nombre',	'nombre',	'nombre',	'',	'2222222222222222',	'02',	'no',	'222',	0,	0),
(48,	'ver_huespedes',	'ver_huespedes',	'ver_huespedes',	'ver_huespedes',	'ver_huespedes',	'ver_huespedes',	'ver_huespedes',	'ver_huespedes',	'ver_huespedes',	'ver_huespedes',	'ver_huespedes',	'ver_huespedes',	'ver_huespedes',	'',	'2222222222222222',	'02',	'23',	'222',	0,	0),
(49,	'Nombre:',	'Nombre:',	'Nombre:',	'Nombre:',	'Nombre:',	'Nombre:',	'Nombre:',	'Nombre:',	'Nombre:',	'Nombre:',	'Nombre:',	'Nombre:',	'Nombre:',	'Credito',	'2222222222222222',	'01',	'99',	'222',	0,	0),
(50,	'Nombre:',	'Nombre:',	'Nombre:',	'Nombre:',	'Nombre:',	'Nombre:',	'Nombre:',	'Nombre:',	'Nombre:',	'Nombre:',	'Nombre:',	'Nombre:',	'Nombre:',	'Credito',	'2131222222222222',	'01',	'99',	'222',	0,	0),
(51,	'Nombre:',	'Nombre:',	'Nombre:',	'Nombre:',	'Nombre:',	'Nombre:',	'Nombre:',	'Nombre:',	'Nombre:',	'Nombre:',	'Nombre:',	'Nombre:',	'Nombre:',	'Debito',	'2222222222222222',	'03',	'99',	'222',	0,	0),
(52,	'ver_huespedes',	'ver_huespedes',	'ver_huespedes',	'ver_huespedes',	'ver_huespedes',	'ver_huespedes',	'ver_huespedes',	'ver_huespedes',	'ver_huespedes',	'ver_huespedes',	'ver_huespedes',	'ver_huespedes',	'ver_huespedes',	'Debito',	'3333333333333333',	'02',	'19',	'333',	0,	0),
(53,	'ver_huespedes',	'ver_huespedes',	'ver_huespedes',	'ver_huespedes',	'ver_huespedes',	'ver_huespedes',	'ver_huespedes',	'ver_huespedes',	'ver_huespedes',	'ver_huespedes',	'ver_huespedes',	'ver_huespedes',	'ver_huespedes',	'Debito',	'3333333333333333',	'02',	'19',	'333',	0,	0),
(54,	'formulario_agregarhuesped',	'formulario_agregarhuesped',	'formulario_agregarhuesped',	'formulario_agregarhuesped',	'formulario_agregarhuesped',	'formulario_agregarhu',	'formulario_agregarhuesped',	'formulario_agregarhuesped',	'formulario_agregarhuesped',	'formulario_agregarhuesped',	'formulario_agregarhuesped',	'formulario_agregarhuesped',	'formulario_agregarhuesped',	'',	'2222222222222222',	'02',	'23',	'222',	0,	0),
(55,	'formulario_agregarhuesped',	'formulario_agregarhuesped',	'formulario_agregarhuesped',	'formulario_agregarhuesped',	'formulario_agregarhuesped',	'formulario_agregarhu',	'forformulario_agregarhuespedmulario_agregarhuesped',	'formulario_agregarhuesped',	'formulario_agregarhuesped',	'formulario_agregarhuesped',	'formulario_agregarhuesped',	'formulario_agregarhuesped',	'formulario_agregarhuesped',	'',	'2222222222222222',	'02',	'23',	'222',	0,	0),
(56,	'Código postal',	'Código postal',	'Código postal',	'Código postal',	'Código postal',	'CCódigo ódigo postal',	'Código postal',	'Código postal',	'Código postal',	'Código postal',	'Código postal',	'Código postal',	'Código postal',	'Debito',	'2222222222222222',	'02',	'22',	'222',	0,	0),
(57,	'Código postal',	'Código postal',	'Código postal',	'Código postal',	'Código postal',	'Código postal',	'Código postal',	'Código postal',	'Código postal',	'Código postal',	'Código postal',	'Código postal',	'Código postal',	'Credito',	'3333333333333333',	'02',	'99',	'333',	0,	0),
(58,	'Nombre:',	'Nombre:',	'Nombre:',	'Nombre:',	'Nombre:',	'Nombre:',	'Nombre:',	'Nombre:',	'Nombre:',	'Nombre:',	'Nombre:',	'Nombre:',	'Nombre:',	'Debito',	'2222222222222222',	'02',	'19',	'222',	0,	0),
(59,	'Estado:',	'Estado:',	'Estado:',	'Estado:',	'Estado:',	'Estado:',	'Estado:',	'Estado:',	'Estado:',	'Estado:',	'Estado:',	'Estado:',	'Estado:',	'Credito',	'2222222222222222',	'02',	'23',	'222',	0,	0),
(60,	'Estado:',	'Estado:',	'Estado:',	'Estado:',	'Estado:',	'Estado:',	'Estado:',	'Estado:',	'Estado:',	'Estado:Estado:',	'Estado:',	'Estado:',	'Estado:',	'Debito',	'2211111111111111',	'03',	'99',	'211',	0,	0),
(61,	'Estado:',	'Estado:',	'Estado:',	'Estado:',	'Estado:',	'Estado:',	'Estado:',	'Estado:',	'Estado:',	'Estado:Estado:',	'Estado:',	'Estado:',	'Estado:',	'Debito',	'2211111111111111',	'03',	'99',	'211',	0,	0),
(62,	'Estado:',	'Estado:',	'Estado:',	'Estado:',	'Estado:',	'Estado:',	'Estado:',	'Estado:',	'Estado:',	'Estado:Estado:',	'Estado:',	'Estado:',	'Estado:',	'Debito',	'2211111111111111',	'03',	'99',	'211',	0,	0),
(63,	'Estado:',	'Estado:',	'Estado:',	'Estado:',	'Estado:',	'Estado:',	'Estado:',	'Estado:',	'Estado:',	'Estado:Estado:',	'Estado:',	'Estado:',	'Estado:',	'Debito',	'2211111111111111',	'03',	'99',	'211',	0,	0),
(64,	'',	'',	'',	'',	'',	'',	'',	'',	'',	'',	'',	'',	'',	'0',	'',	'0',	'',	'',	0,	0),
(65,	'Dirección:',	'Dirección:',	'Dirección:',	'Dirección:',	'Dirección:',	'Dirección:',	'Dirección:',	'Dirección:',	'Dirección:',	'Dirección:',	'Dirección:',	'Dirección:',	'Dirección:',	'Debito',	'2222222222222222',	'03',	'99',	'222',	0,	0),
(66,	'Nombre',	'Nombre',	'Nombre',	'Nombre',	'Nombre',	'Nombre',	'Nombre',	'Nombre',	'NombreNombre',	'Nombre',	'Nombre',	'Nombre',	'Nombre',	'Nombre',	'22222222222222222',	'22',	'22',	'22',	0,	0),
(67,	'nombre',	'apellido',	'direccion',	'zapopan',	'jalisco',	'86264',	'1234557',	'eric.alexis',	'',	'',	'',	'',	'2222222222222',	'Debito',	'222222222',	'09',	'92',	'222',	0,	0),
(68,	'Nombre',	'Nombre',	'Nombre',	'Nombre',	'Nombre',	'Nombre',	'Nombre',	'Nombre',	'Nombre',	'Nombre',	'Nombre',	'Nombre',	'22222222222222222222222222222222222222222222222222222',	'Debito',	'2222222222222222',	'04',	'22',	'222',	0,	0),
(69,	'',	'',	'',	'',	'',	'',	'',	'',	'',	'',	'',	'',	'',	'0',	'',	'0',	'',	'',	0,	1),
(70,	'e',	'',	'',	'',	'',	'',	'',	'',	'',	'',	'',	'',	'',	'0',	'',	'0',	'',	'',	0,	0),
(71,	'Nombre',	'Nombre',	'Nombre',	'Nombre',	'Nombre',	'Nombre',	'Nombre',	'Nombre',	'Nombre',	'Nombre',	'Nombre',	'Nombre',	'Nombre',	'Debito',	'3333333333333333',	'02',	'33',	'333',	0,	0),
(72,	'Dirección',	'Dirección',	'Dirección',	'Dirección',	'Dirección',	'Dirección',	'Dirección',	'Dirección',	'Dirección',	'Dirección',	'Dirección',	'Dirección',	'Dirección',	'Credito',	'2222222222222222',	'02',	'22',	'222',	0,	0);

CREATE TABLE `inventario` (
  `id` int(11) NOT NULL AUTO_INCREMENT,
  `nombre` varchar(256) DEFAULT NULL,
  `descripcion` varchar(256) DEFAULT NULL,
  `categoria` int(11) DEFAULT NULL,
  `precio` double DEFAULT NULL,
  `precio_compra` double DEFAULT NULL,
  `stock` int(11) DEFAULT NULL,
  `inventario` int(11) DEFAULT NULL,
  `bodega_inventario` int(11) DEFAULT NULL,
  `bodega_stock` int(11) DEFAULT NULL,
  `clave` int(11) DEFAULT 0,
  `historial` int(11) DEFAULT NULL,
  `estado` int(11) DEFAULT NULL,
  PRIMARY KEY (`id`)
) ENGINE=InnoDB AUTO_INCREMENT=34 DEFAULT CHARSET=utf8 COLLATE=utf8_spanish_ci;

INSERT INTO `inventario` (`id`, `nombre`, `descripcion`, `categoria`, `precio`, `precio_compra`, `stock`, `inventario`, `bodega_inventario`, `bodega_stock`, `clave`, `historial`, `estado`) VALUES
(-1,	'Linea',	'',	1,	0,	0,	0,	-26,	0,	0,	0,	26,	1),
(1,	'Refresco',	'Coca Cola',	2,	25,	10,	50,	44,	20,	20,	0,	25,	1),
(2,	'Quesadillas',	'',	1,	40,	10,	20,	16,	20,	20,	0,	4,	1),
(3,	'Pizza',	'',	1,	95,	10,	20,	14,	20,	20,	0,	15,	1),
(4,	'Papas',	'',	3,	25,	10,	20,	2,	20,	20,	0,	18,	1),
(5,	'Pastel',	'',	11,	50,	10,	20,	14,	20,	20,	0,	6,	1),
(6,	'Hamburguesa',	'',	1,	45,	10,	20,	35,	20,	20,	0,	5,	1),
(7,	'Tacos',	'',	1,	40,	10,	20,	17,	20,	20,	0,	3,	1),
(8,	'Camarones',	'',	1,	125,	10,	20,	32,	20,	20,	0,	13,	1),
(9,	'Ensalada',	'',	1,	60,	10,	20,	14,	20,	20,	0,	6,	1),
(10,	'Lonche',	'',	1,	25,	10,	20,	17,	20,	20,	0,	3,	1),
(11,	'Sopa',	'',	1,	25,	10,	20,	18,	20,	20,	0,	7,	1),
(12,	'Enchiladas',	'',	1,	75,	10,	20,	13,	20,	20,	0,	11,	1),
(13,	'Flautas',	'',	1,	65,	10,	20,	31,	20,	20,	0,	8,	1),
(14,	'Sushi',	'',	1,	85,	10,	20,	18,	20,	20,	0,	8,	1),
(15,	'Pita',	'',	1,	65,	10,	20,	15,	20,	20,	0,	5,	1),
(16,	'Paleta',	'',	4,	10,	10,	20,	16,	20,	20,	0,	17,	1),
(17,	'Peine',	'',	6,	30,	10,	20,	12,	20,	20,	0,	8,	1),
(18,	'Desodorante',	'',	6,	35,	10,	20,	19,	20,	20,	0,	1,	1),
(19,	'Panditas',	'',	4,	22,	10,	20,	7,	20,	20,	0,	17,	1),
(20,	'Helado',	'',	5,	45,	10,	20,	20,	20,	20,	0,	0,	1),
(21,	'Jugo',	'Coca Cola',	2,	25,	10,	50,	42,	20,	20,	0,	19,	1),
(22,	'Agua',	'Coca Cola',	2,	20,	10,	50,	46,	20,	20,	0,	15,	1),
(23,	'Crepas',	'',	5,	64,	10,	20,	20,	20,	20,	0,	0,	1),
(24,	'Alitas',	'',	3,	75,	10,	20,	13,	20,	20,	0,	7,	1),
(25,	'Cecina',	'',	3,	55,	10,	20,	6,	20,	20,	0,	14,	1),
(26,	'Cafe',	'Coca Cola',	2,	25,	10,	50,	42,	20,	20,	0,	13,	1),
(27,	'Medias de seda',	'Bebida de leche dulce',	7,	40,	20,	20,	16,	0,	2,	12345,	5,	1),
(28,	'Red Velvet',	'Pastel grande ',	11,	200,	120,	10,	4,	5,	10,	6789,	1,	1),
(29,	'Tapas de serrano',	'Tapas de jamón serrano',	8,	50,	22,	10,	11,	6,	8,	159,	1,	1),
(30,	'Margarita',	'Margarita de fresa',	9,	110,	60,	20,	14,	14,	16,	342,	4,	1),
(31,	'Sopa de la casa',	'Sopa especial',	8,	40,	20,	20,	19,	0,	0,	44,	1,	1),
(32,	'Sopa de la casa',	'Sopa especial',	8,	40,	20,	20,	20,	0,	0,	44,	0,	1),
(33,	'cacahuates ',	'',	3,	15,	10,	5,	1,	-1,	0,	0,	0,	0);

CREATE TABLE `labels` (
  `id` int(11) NOT NULL AUTO_INCREMENT,
  `ticket` int(11) NOT NULL,
  `comanda` int(11) NOT NULL,
  `corte` int(11) NOT NULL,
  PRIMARY KEY (`id`)
) ENGINE=InnoDB AUTO_INCREMENT=2 DEFAULT CHARSET=utf8 COLLATE=utf8_spanish_ci;

INSERT INTO `labels` (`id`, `ticket`, `comanda`, `corte`) VALUES
(1,	50,	75,	6);

CREATE TABLE `logs` (
  `id` int(11) NOT NULL AUTO_INCREMENT,
  `usuario` int(11) DEFAULT NULL,
  `hora` varchar(256) DEFAULT NULL,
  `ip` varchar(256) DEFAULT NULL,
  `actividad` varchar(256) DEFAULT NULL,
  PRIMARY KEY (`id`)
) ENGINE=InnoDB AUTO_INCREMENT=1271 DEFAULT CHARSET=utf8 COLLATE=utf8_spanish_ci;

INSERT INTO `logs` (`id`, `usuario`, `hora`, `ip`, `actividad`) VALUES
(1,	2,	'1660064098',	'189.163.161.217',	'Inicio de session el usuario: 2'),
(2,	2,	'1660064131',	'189.163.161.217',	'Cambiar foto de inicio'),
(3,	2,	'1660064152',	'189.163.161.217',	'Inicio de session el usuario: 2'),
(4,	2,	'1660065109',	'189.163.161.217',	'Checkin en habitacion: 2'),
(5,	2,	'1660065109',	'189.163.161.217',	'Agregar reservacion: 1'),
(6,	2,	'1660065109',	'189.163.161.217',	'Agregar primer abono a la habitacion: 2'),
(7,	2,	'1660065109',	'189.163.161.217',	'Agregar ticket con etiqueta: 0'),
(8,	2,	'1660065273',	'189.163.161.217',	'Checkin en habitacion: 1'),
(9,	2,	'1660065273',	'189.163.161.217',	'Agregar reservacion: 2'),
(10,	2,	'1660065273',	'189.163.161.217',	'Agregar primer abono a la habitacion: 1'),
(11,	2,	'1660065273',	'189.163.161.217',	'Agregar ticket con etiqueta: 1'),
(12,	2,	'1660065907',	'189.163.161.217',	'Aplicar cargo por noche en las habitaciones'),
(13,	2,	'1660065908',	'189.163.161.217',	'Reporte cargo por noche: 1 del 09 de agosto de 2022'),
(14,	2,	'1660065913',	'189.163.161.217',	'Reporte cargo por noche: 1 del 09 de agosto de 2022'),
(15,	2,	'1660065950',	'189.163.161.217',	'Reporte cargo por noche: 1 del 09 de agosto de 2022'),
(16,	2,	'1660065982',	'189.163.161.217',	'Aplicar cargo por noche en las habitaciones'),
(17,	2,	'1660065983',	'189.163.161.217',	'Reporte cargo por noche: 1 del 09 de agosto de 2022'),
(18,	2,	'1660066031',	'189.163.161.217',	'Cambiar los colores del fondo'),
(19,	2,	'1660066125',	'189.163.161.217',	'Agregar ticket con etiqueta: 2'),
(20,	2,	'1660066125',	'189.163.161.217',	'Cobro restaurante directo'),
(21,	2,	'1660068992',	'189.163.161.217',	'Asignar mesa: 1'),
(22,	2,	'1660069003',	'189.163.161.217',	'Agregar ticket con etiqueta: 3'),
(23,	2,	'1660069003',	'189.163.161.217',	'Pedir restaurante en mesa: 1'),
(24,	2,	'1660069014',	'189.163.161.217',	'Cargo de cobro restaurante en habitacion: 1 de la mesa 1'),
(25,	2,	'1660069019',	'189.163.161.217',	'Asignar mesa: 12'),
(26,	2,	'1660069040',	'189.163.161.217',	'Agregar ticket con etiqueta: 4'),
(27,	2,	'1660069040',	'189.163.161.217',	'Pedir restaurante en mesa: 12'),
(28,	2,	'1660069066',	'189.163.161.217',	'Cobro restaurante en mesa: 12'),
(29,	2,	'1660069124',	'189.163.161.217',	'Agregar abono a la habitacion: 1'),
(30,	2,	'1660069124',	'189.163.161.217',	'Agregar ticket con etiqueta: 5'),
(31,	2,	'1660069172',	'189.163.161.217',	'Agregar ticket con etiqueta: 6'),
(32,	2,	'1660069172',	'189.163.161.217',	'Cobro restaurante en habitacion: 2'),
(33,	2,	'1660069550',	'189.163.161.217',	'Checkin en habitacion: 24'),
(34,	2,	'1660069550',	'189.163.161.217',	'Agregar reservacion: 3'),
(35,	2,	'1660069550',	'189.163.161.217',	'Agregar primer abono a la habitacion: 24'),
(36,	2,	'1660069550',	'189.163.161.217',	'Agregar ticket con etiqueta: 7'),
(37,	2,	'1660070172',	'189.163.161.217',	'Aplicar surtir inventario'),
(38,	2,	'1660070172',	'189.163.161.217',	'Reporte surtir inventario: 1 del 09 de agosto de 2022'),
(39,	2,	'1660070185',	'189.163.161.217',	'Reporte surtir inventario: 1 del 09 de agosto de 2022'),
(40,	2,	'1660070205',	'189.163.161.217',	'Hacer corte con etiqueta: 0'),
(41,	2,	'1660070206',	'189.163.161.217',	'Reporte corte con etiqueta: 0 del 09 de agosto de 2022'),
(42,	2,	'1660070218',	'189.163.161.217',	'Inicio de session el usuario: 2'),
(43,	2,	'1660142521',	'187.191.8.223',	'Inicio de session el usuario: 2'),
(44,	2,	'1660142608',	'187.191.8.223',	'Aplicar cargo por noche en las habitaciones'),
(45,	2,	'1660142609',	'187.191.8.223',	'Reporte cargo por noche: 1 del 10 de agosto de 2022'),
(46,	2,	'1660142783',	'187.191.8.223',	'Hacer corte con etiqueta: 0'),
(47,	2,	'1660142784',	'187.191.8.223',	'Reporte corte con etiqueta: 0 del 10 de agosto de 2022'),
(48,	2,	'1660142794',	'187.191.8.223',	'Inicio de session el usuario: 2'),
(49,	2,	'1660145402',	'187.191.8.223',	'Agregar ticket con etiqueta: 8'),
(50,	2,	'1660145402',	'187.191.8.223',	'Cobro restaurante directo'),
(51,	2,	'1660145447',	'187.191.8.223',	'Hacer corte con etiqueta: 0'),
(52,	2,	'1660145448',	'187.191.8.223',	'Reporte corte con etiqueta: 0 del 10 de agosto de 2022'),
(53,	2,	'1660145463',	'187.191.8.223',	'Inicio de session el usuario: 2'),
(54,	2,	'1660154339',	'189.163.107.164',	'Agregar ticket con etiqueta: 9'),
(55,	2,	'1660154340',	'189.163.107.164',	'Cobro restaurante directo'),
(56,	2,	'1660154465',	'189.163.107.164',	'Aplicar cargo por noche en las habitaciones'),
(57,	2,	'1660154466',	'189.163.107.164',	'Reporte cargo por noche: 1 del 10 de agosto de 2022'),
(58,	2,	'1660154939',	'189.163.107.164',	'Aplicar cargo por noche en las habitaciones'),
(59,	2,	'1660154939',	'189.163.107.164',	'Reporte cargo por noche: 2 del 10 de agosto de 2022'),
(60,	2,	'1660154964',	'189.163.107.164',	'Hacer corte con etiqueta: 0'),
(61,	2,	'1660154965',	'189.163.107.164',	'Reporte corte con etiqueta: 0 del 10 de agosto de 2022'),
(62,	2,	'1660154994',	'189.163.107.164',	'Inicio de session el usuario: 2'),
(63,	2,	'1660256588',	'189.163.144.212',	'Inicio de session el usuario: 2'),
(64,	2,	'1660314501',	'189.163.144.212',	'Inicio de session el usuario: 2'),
(65,	2,	'1660319277',	'189.163.144.212',	'Aplicar cargo por noche en las habitaciones'),
(66,	2,	'1660319278',	'189.163.144.212',	'Reporte cargo por noche: 3 del 12 de agosto de 2022'),
(67,	2,	'1660319391',	'189.163.144.212',	'Agregar abono a la habitacion: 1'),
(68,	2,	'1660319391',	'189.163.144.212',	'Agregar ticket con etiqueta: 10'),
(69,	2,	'1660319429',	'189.163.144.212',	'Agregar ticket con etiqueta: 11'),
(70,	2,	'1660319429',	'189.163.144.212',	'Cobro restaurante en habitacion: 1'),
(71,	2,	'1660319517',	'189.163.144.212',	'Agregar ticket con etiqueta: 12'),
(72,	2,	'1660319517',	'189.163.144.212',	'Cobro restaurante directo'),
(73,	2,	'1660319552',	'189.163.144.212',	'Hacer corte con etiqueta: 0'),
(74,	2,	'1660319553',	'189.163.144.212',	'Reporte corte con etiqueta: 0 del 12 de agosto de 2022'),
(75,	2,	'1660319570',	'189.163.144.212',	'Inicio de session el usuario: 2'),
(76,	2,	'1660319908',	'189.163.144.212',	'Editar usuario: 7'),
(77,	2,	'1660319915',	'189.163.144.212',	'Editar usuario: 7'),
(78,	2,	'1660319985',	'189.163.144.212',	'Reporte logs del: 03-08-2022 al 12-08-2022'),
(79,	2,	'1660319997',	'189.163.144.212',	'Reporte logs del: 03-08-2022 al 12-08-2022'),
(80,	2,	'1660320010',	'189.163.144.212',	'Reporte logs del: 03-08-2022 al 12-08-2022'),
(81,	2,	'1660320024',	'189.163.144.212',	'Reporte logs del: 03-08-2022 al 12-08-2022'),
(82,	2,	'1660321313',	'189.163.144.212',	'Aplicar cargo por noche en las habitaciones'),
(83,	2,	'1660321314',	'189.163.144.212',	'Reporte cargo por noche: 4 del 12 de agosto de 2022'),
(84,	2,	'1660321629',	'189.163.144.212',	'Agregar abono a la habitacion: 2'),
(85,	2,	'1660321629',	'189.163.144.212',	'Agregar ticket con etiqueta: 13'),
(86,	2,	'1660321663',	'189.163.144.212',	'Agregar ticket con etiqueta: 14'),
(87,	2,	'1660321664',	'189.163.144.212',	'Cobro restaurante directo'),
(88,	2,	'1660323532',	'189.163.144.212',	'Agregar ticket con etiqueta: 15'),
(89,	2,	'1660323533',	'189.163.144.212',	'Cobro restaurante directo'),
(90,	2,	'1660323647',	'189.163.144.212',	'Agregar ticket con etiqueta: 16'),
(91,	2,	'1660323647',	'189.163.144.212',	'Cobro restaurante en habitacion: 24'),
(92,	2,	'1660323738',	'189.163.144.212',	'Hacer corte con etiqueta: 1'),
(93,	2,	'1660323739',	'189.163.144.212',	'Reporte corte con etiqueta: 1 del 12 de agosto de 2022'),
(94,	2,	'1660323756',	'189.163.144.212',	'Inicio de session el usuario: 2'),
(95,	2,	'1660596162',	'189.203.100.213',	'Inicio de session el usuario: 2'),
(96,	2,	'1660596229',	'189.203.100.213',	'Aplicar cargo por noche en las habitaciones'),
(97,	2,	'1660596230',	'189.203.100.213',	'Reporte cargo por noche: 5 del 15 de agosto de 2022'),
(98,	2,	'1660596279',	'189.203.100.213',	'Agregar abono a la habitacion: 24'),
(99,	2,	'1660596279',	'189.203.100.213',	'Agregar ticket con etiqueta: 17'),
(100,	2,	'1660596338',	'189.203.100.213',	'Agregar ticket con etiqueta: 18'),
(101,	2,	'1660596338',	'189.203.100.213',	'Cobro restaurante directo'),
(102,	2,	'1660596383',	'189.203.100.213',	'Agregar ticket con etiqueta: 19'),
(103,	2,	'1660596384',	'189.203.100.213',	'Cobro restaurante en habitacion: 2'),
(104,	2,	'1660596410',	'189.203.100.213',	'Hacer corte con etiqueta: 2'),
(105,	2,	'1660596411',	'189.203.100.213',	'Reporte corte con etiqueta: 2 del 15 de agosto de 2022'),
(106,	2,	'1660596422',	'189.203.100.213',	'Inicio de session el usuario: 2'),
(107,	2,	'1660602899',	'189.203.100.213',	'Asignar mesa: 12'),
(108,	2,	'1660602909',	'189.203.100.213',	'Agregar ticket con etiqueta: 20'),
(109,	2,	'1660602909',	'189.203.100.213',	'Pedir restaurante en mesa: 12'),
(110,	2,	'1660602922',	'189.203.100.213',	'Pedir restaurante en mesa: 12'),
(111,	2,	'1660602933',	'189.203.100.213',	'Asignar mesa: 1'),
(112,	2,	'1660602966',	'189.203.100.213',	'Cobro restaurante en mesa: 12'),
(113,	2,	'1660603012',	'189.203.100.213',	'Agregar ticket con etiqueta: 21'),
(114,	2,	'1660603013',	'189.203.100.213',	'Cobro restaurante en habitacion: 24'),
(115,	2,	'1660604587',	'189.203.100.213',	'Terminar hospedaje en habitacion: 1'),
(116,	2,	'1660604591',	'189.203.100.213',	'Terminar estado sucio de la habitacion: 1'),
(117,	2,	'1660604604',	'189.203.100.213',	'Terminar hospedaje en habitacion: 2'),
(118,	2,	'1660604608',	'189.203.100.213',	'Terminar estado sucio de la habitacion: 2'),
(119,	2,	'1660604611',	'189.203.100.213',	'Terminar hospedaje en habitacion: 24'),
(120,	2,	'1660604614',	'189.203.100.213',	'Terminar estado sucio de la habitacion: 24'),
(121,	2,	'1660672962',	'189.203.100.213',	'Checkin en habitacion: 1'),
(122,	2,	'1660672962',	'189.203.100.213',	'Agregar reservacion: 1'),
(123,	2,	'1660672962',	'189.203.100.213',	'Agregar primer abono a la habitacion: 1'),
(124,	2,	'1660672962',	'189.203.100.213',	'Agregar ticket con etiqueta: 0'),
(125,	2,	'1660673274',	'189.203.100.213',	'Agregar ticket con etiqueta: 1'),
(126,	2,	'1660673274',	'189.203.100.213',	'Cobro restaurante directo'),
(127,	2,	'1660673909',	'189.203.100.213',	'Checkin en habitacion: 24'),
(128,	2,	'1660673909',	'189.203.100.213',	'Agregar reservacion: 2'),
(129,	2,	'1660674064',	'189.203.100.213',	'Agregar ticket con etiqueta: 2'),
(130,	2,	'1660674065',	'189.203.100.213',	'Cargo de cobro restaurante en habitacion: 24'),
(131,	2,	'1660674081',	'189.203.100.213',	'Unificar las cuentas de habitacion: 24  a la habitacion 1'),
(132,	2,	'1660674503',	'189.203.100.213',	'Hacer corte con etiqueta: 3'),
(133,	2,	'1660674504',	'189.203.100.213',	'Reporte corte con etiqueta: 3 del 16 de agosto de 2022'),
(134,	2,	'1660674635',	'189.203.100.213',	'Inicio de session el usuario: 2'),
(135,	2,	'1660747415',	'189.163.74.196',	'Terminar hospedaje en habitacion: 1'),
(136,	2,	'1660747420',	'189.163.74.196',	'Terminar estado sucio de la habitacion: 1'),
(137,	2,	'1660747424',	'189.163.74.196',	'Terminar hospedaje en habitacion: 24'),
(138,	2,	'1660751211',	'189.163.74.196',	'Inicio de session el usuario: 2'),
(139,	2,	'1660751213',	'189.163.74.196',	'Inicio de session el usuario: 2'),
(140,	2,	'1660751220',	'189.163.74.196',	'Inicio de session el usuario: 2'),
(141,	2,	'1660751523',	'189.163.74.196',	'Inicio de session el usuario: 2'),
(142,	2,	'1660859535',	'189.203.106.152',	'Inicio de session el usuario: 2'),
(143,	2,	'1660859603',	'189.203.106.152',	'Agregar ticket con etiqueta: 3'),
(144,	2,	'1660859603',	'189.203.106.152',	'Cobro restaurante directo'),
(145,	2,	'1660859723',	'189.203.106.152',	'Agregar huesped: 9'),
(146,	2,	'1660859790',	'189.203.106.152',	'Che-ckin en habitacion: 2'),
(147,	2,	'1660859790',	'189.203.106.152',	'Agregar reservacion: 3'),
(148,	2,	'1660859790',	'189.203.106.152',	'Agregar primer abono a la habitacion: 2'),
(149,	2,	'1660859790',	'189.203.106.152',	'Agregar ticket con etiqueta: 4'),
(150,	2,	'1660859877',	'189.203.106.152',	'Editar abono de habitacion: 2 en cuenta 4'),
(151,	2,	'1660860205',	'189.203.106.152',	'Agregar ticket con etiqueta: 5'),
(152,	2,	'1660860205',	'189.203.106.152',	'Cobro restaurante en habitacion: 2'),
(153,	2,	'1660860240',	'189.203.106.152',	'Agregar ticket con etiqueta: 6'),
(154,	2,	'1660860240',	'189.203.106.152',	'Cargo de cobro restaurante en habitacion: 2'),
(155,	2,	'1660860267',	'189.203.106.152',	'Hacer corte con etiqueta: 4'),
(156,	2,	'1660860268',	'189.203.106.152',	'Reporte corte con etiqueta: 4 del 18 de agosto de 2022'),
(157,	2,	'1660860299',	'189.203.106.152',	'Inicio de session el usuario: 2'),
(158,	2,	'1661531461',	'189.163.26.182',	'Inicio de session el usuario: 2'),
(159,	2,	'1661533330',	'187.190.197.68',	'Che-ckin en habitacion: 4'),
(160,	2,	'1661533330',	'187.190.197.68',	'Agregar reservacion: 4'),
(161,	2,	'1661533330',	'187.190.197.68',	'Agregar primer abono a la habitacion: 4'),
(162,	2,	'1661533330',	'187.190.197.68',	'Agregar ticket con etiqueta: 7'),
(163,	2,	'1661533433',	'187.190.197.68',	'Agregar abono a la habitacion: 4'),
(164,	2,	'1661533433',	'187.190.197.68',	'Agregar ticket con etiqueta: 8'),
(165,	2,	'1661798179',	'189.163.26.182',	'Inicio de session el usuario: 2'),
(166,	2,	'1661798246',	'189.163.26.182',	'Agregar abono a la habitacion: 4'),
(167,	2,	'1661798246',	'189.163.26.182',	'Agregar ticket con etiqueta: 9'),
(168,	2,	'1661798259',	'189.163.26.182',	'Terminar hospedaje en habitacion: 4'),
(169,	2,	'1661798263',	'189.163.26.182',	'Terminar estado sucio de la habitacion: 4'),
(170,	2,	'1661798270',	'189.163.26.182',	'Terminar estado sucio de la habitacion: 24'),
(171,	2,	'1661798277',	'189.163.26.182',	'Terminar hospedaje en habitacion: 2'),
(172,	2,	'1661798280',	'189.163.26.182',	'Limpiar en habitacion: 2'),
(173,	2,	'1661798292',	'189.163.26.182',	'Cambiar persona que realiza la limpieza por usuario: 2'),
(174,	2,	'1661798296',	'189.163.26.182',	'Terminar estado limpieza de la habitacion: 2'),
(175,	2,	'1661805721',	'189.163.26.182',	'Hacer corte con etiqueta: 5'),
(176,	2,	'1661805722',	'189.163.26.182',	'Reporte corte con etiqueta: 5 del 29 de agosto de 2022'),
(177,	2,	'1661805736',	'189.163.26.182',	'Inicio de session el usuario: 2'),
(178,	2,	'1661805866',	'189.163.26.182',	'Agregar reservacion: 5'),
(179,	2,	'1661805866',	'189.163.26.182',	'Agregar primer abono a la habitacion: 0'),
(180,	2,	'1661805866',	'189.163.26.182',	'Agregar ticket con etiqueta: 10'),
(181,	2,	'1661805887',	'189.163.26.182',	'Asignar reservacion 5 para hacer che-ckin en habitacion: 2'),
(182,	2,	'1661806623',	'189.163.26.182',	'Terminar hospedaje en habitacion: 2'),
(183,	2,	'1661807307',	'189.163.26.182',	'Terminar estado sucio de la habitacion: 2'),
(184,	2,	'1661807670',	'189.163.26.182',	'Asignar reservacion 5 para hacer che-ckin en habitacion: 2'),
(185,	2,	'1661808848',	'189.163.26.182',	'Agregar reservacion: 6'),
(186,	2,	'1661808848',	'189.163.26.182',	'Agregar primer abono a la habitacion: 0'),
(187,	2,	'1661808848',	'189.163.26.182',	'Agregar ticket con etiqueta: 11'),
(188,	2,	'1661808912',	'189.163.26.182',	'Asignar reservacion 6 para hacer che-ckin en habitacion: 7'),
(189,	2,	'1661808918',	'189.163.26.182',	'Terminar hospedaje en habitacion: 2'),
(190,	2,	'1661808922',	'189.163.26.182',	'Terminar estado sucio de la habitacion: 2'),
(191,	2,	'1661809182',	'189.163.26.182',	'Che-ckin en habitacion: 2'),
(192,	2,	'1661809182',	'189.163.26.182',	'Agregar reservacion: 7'),
(193,	2,	'1661809182',	'189.163.26.182',	'Agregar primer abono a la habitacion: 2'),
(194,	2,	'1661809182',	'189.163.26.182',	'Agregar ticket con etiqueta: 12'),
(195,	2,	'1661809517',	'189.163.26.182',	'Agregar reservacion: 8'),
(196,	2,	'1661809517',	'189.163.26.182',	'Agregar primer abono a la habitacion: 0'),
(197,	2,	'1661809517',	'189.163.26.182',	'Agregar ticket con etiqueta: 13'),
(198,	2,	'1661870105',	'187.190.197.68',	'Asignar mesa: 7'),
(199,	2,	'1661870232',	'187.190.197.68',	'Agregar ticket con etiqueta: 14'),
(200,	2,	'1661870232',	'187.190.197.68',	'Pedir restaurante en mesa: 7'),
(201,	2,	'1661870292',	'187.190.197.68',	'Cobro restaurante en mesa: 7'),
(202,	2,	'1661893709',	'65.74.144.194',	'Inicio de session el usuario: 2'),
(203,	2,	'1661897358',	'189.163.26.182',	'Inicio de session el usuario: 2'),
(204,	2,	'1661958903',	'187.190.197.68',	'Cambiar foto de inicio'),
(205,	2,	'1661959020',	'187.190.197.68',	'Inicio de session el usuario: 2'),
(206,	2,	'1661959041',	'187.190.197.68',	'Cambiar foto de inicio'),
(207,	2,	'1661959066',	'187.190.197.68',	'Inicio de session el usuario: 2'),
(208,	2,	'1661965443',	'187.190.197.68',	'Agregar inventario: Sopa de la casa'),
(209,	2,	'1661965575',	'187.190.197.68',	'Agregar inventario: Sopa de la casa'),
(210,	2,	'1661965812',	'187.190.197.68',	'Agregar habitacion: 26'),
(211,	2,	'1661965884',	'187.190.197.68',	'Agregar habitacion: 25'),
(212,	2,	'1662387566',	'187.190.197.68',	'Inicio de session el usuario: 2'),
(213,	2,	'1662387583',	'187.190.197.68',	'Terminar hospedaje en habitacion: 7'),
(214,	2,	'1662387589',	'187.190.197.68',	'Terminar hospedaje en habitacion: 2'),
(215,	2,	'1662388186',	'187.190.197.68',	'Agregar huesped: 10'),
(216,	2,	'1662389168',	'187.190.197.68',	'Che-ckin en habitacion: 3'),
(217,	2,	'1662389169',	'187.190.197.68',	'Agregar reservacion: 9'),
(218,	2,	'1662389169',	'187.190.197.68',	'Agregar primer abono a la habitacion: 3'),
(219,	2,	'1662389169',	'187.190.197.68',	'Agregar ticket con etiqueta: 15'),
(220,	2,	'1662389426',	'187.190.197.68',	'Habitacion ocupada sucia: 3'),
(221,	2,	'1662389479',	'187.190.197.68',	'Habitacion ocupada limpieza: 3'),
(222,	2,	'1662389775',	'187.190.197.68',	'Agregar ticket con etiqueta: 16'),
(223,	2,	'1662389776',	'187.190.197.68',	'Cargo de cobro restaurante en habitacion: 3'),
(224,	2,	'1662390247',	'187.190.197.68',	'Terminar estado interno limpieza de la habitacion: 3'),
(225,	2,	'1662390319',	'187.190.197.68',	'Agregar abono a la habitacion: 3'),
(226,	2,	'1662390319',	'187.190.197.68',	'Agregar ticket con etiqueta: 17'),
(227,	2,	'1662390336',	'187.190.197.68',	'Terminar hospedaje en habitacion: 3'),
(228,	2,	'1662390828',	'187.190.197.68',	'Limpiar en habitacion: 3'),
(229,	2,	'1662390974',	'187.190.197.68',	'Terminar estado limpieza de la habitacion: 3'),
(230,	2,	'1662391087',	'187.190.197.68',	'Che-ckin en habitacion: 13'),
(231,	2,	'1662391087',	'187.190.197.68',	'Agregar reservacion: 10'),
(232,	2,	'1662391277',	'187.190.197.68',	'Che-ckin en habitacion: 1'),
(233,	2,	'1662391277',	'187.190.197.68',	'Agregar reservacion: 11'),
(234,	2,	'1662392516',	'187.190.197.68',	'Aplicar cargo por noche en las habitaciones'),
(235,	2,	'1662392517',	'187.190.197.68',	'Reporte cargo por noche: 1 del 05 de septiembre de 2022'),
(236,	2,	'1662476735',	'187.190.197.68',	'Inicio de session el usuario: 2'),
(237,	2,	'1662757346',	'189.163.161.110',	'Inicio de session el usuario: 2'),
(238,	1,	'1666796744',	'192.168.2.160',	'Inicio de session el usuario: 1'),
(239,	1,	'1666796860',	'192.168.2.160',	'Agregar usuario: michelle'),
(240,	10,	'1666796894',	'::1',	'Inicio de session el usuario: 10'),
(241,	10,	'1666892085',	'::1',	'Reporte surtir inventario: 1 del 09 de agosto de 2022'),
(242,	10,	'1666892299',	'::1',	'Reporte surtir inventario: 1 del 09 de agosto de 2022'),
(243,	10,	'1666894733',	'::1',	'Reporte surtir inventario: 1 del 09 de agosto de 2022'),
(244,	10,	'1666895901',	'::1',	'Agregar huesped: 11'),
(245,	10,	'1666896355',	'::1',	'Agregar forma de pago: trasvale '),
(246,	10,	'1666896360',	'::1',	'Borrar forma de pago: 5'),
(247,	10,	'1666896419',	'::1',	'Agregar cupon: 5'),
(248,	10,	'1666896432',	'::1',	'Borrar cupon: 5'),
(249,	10,	'1666896515',	'::1',	'Agregar inventario: cacahuates '),
(250,	10,	'1666896527',	'::1',	'Borrar inventario: 33'),
(251,	10,	'1666896807',	'::1',	'Asignar mesa: 3'),
(252,	10,	'1666897168',	'::1',	'Agregar tarifa hospedaje: triple vip'),
(253,	10,	'1666897190',	'::1',	'Borrar tarifa hospedaje: 4'),
(254,	10,	'1666897743',	'::1',	'Editar tarifa hospedaje: 1'),
(255,	10,	'1666897837',	'::1',	'Reporte reservaciones por dia: 16 de septiembre de 2022'),
(256,	10,	'1666898508',	'::1',	'Limpieza en habitacion: 15'),
(257,	10,	'1666898518',	'::1',	'Terminar estado limpieza de la habitacion: 15'),
(258,	10,	'1666901626',	'::1',	'Agregar huesped: 12'),
(259,	10,	'1666901869',	'::1',	'Agregar huesped: 13'),
(260,	10,	'1666901904',	'::1',	'Borrar huesped: 13'),
(261,	10,	'1666902196',	'::1',	'Editar huesped: 12'),
(262,	10,	'1666903005',	'::1',	'Agregar huesped: 14'),
(263,	10,	'1666903043',	'::1',	'Borrar huesped: 14'),
(264,	10,	'1666903110',	'::1',	'Limpieza en habitacion: 4'),
(265,	1,	'1666903986',	'192.168.2.160',	'Check-in en habitacion: 15'),
(266,	1,	'1666903986',	'192.168.2.160',	'Agregar reservacion: 12'),
(267,	1,	'1666903987',	'192.168.2.160',	'Agregar primer abono a la habitacion: 15'),
(268,	1,	'1666903987',	'192.168.2.160',	'Agregar ticket con etiqueta: 18'),
(269,	1,	'1666904036',	'192.168.2.160',	'Check-in en habitacion: 16'),
(270,	1,	'1666904036',	'192.168.2.160',	'Agregar reservacion: 13'),
(271,	1,	'1666904036',	'192.168.2.160',	'Agregar primer abono a la habitacion: 16'),
(272,	1,	'1666904036',	'192.168.2.160',	'Agregar ticket con etiqueta: 19'),
(273,	1,	'1666904370',	'192.168.2.160',	'Aplicar cargo por noche en las habitaciones'),
(274,	1,	'1666904370',	'192.168.2.160',	'Reporte cargo por noche: 2 del 27 de octubre de 2022'),
(275,	10,	'1666904424',	'::1',	'Check-in en habitacion: 25'),
(276,	10,	'1666904424',	'::1',	'Agregar reservacion: 14'),
(277,	10,	'1666904717',	'::1',	'Borrar huesped: 12'),
(278,	10,	'1666904844',	'::1',	'Agregar cupon: 6'),
(279,	10,	'1666905128',	'::1',	'Borrar cupon: 6'),
(280,	10,	'1666905394',	'::1',	'Agregar huesped: 15'),
(281,	10,	'1666905455',	'::1',	'Terminar hospedaje en habitacion: 25'),
(282,	10,	'1666905462',	'::1',	'Terminar estado sucio de la habitacion: 25'),
(283,	10,	'1666905554',	'::1',	'Check-in en habitacion: 18'),
(284,	10,	'1666905554',	'::1',	'Agregar reservacion: 15'),
(285,	10,	'1666905554',	'::1',	'Agregar primer abono a la habitacion: 18'),
(286,	10,	'1666905554',	'::1',	'Agregar ticket con etiqueta: 20'),
(287,	10,	'1666905704',	'::1',	'Check-in en habitacion: 19'),
(288,	10,	'1666905704',	'::1',	'Agregar reservacion: 16'),
(289,	10,	'1666905704',	'::1',	'Agregar primer abono a la habitacion: 19'),
(290,	10,	'1666905704',	'::1',	'Agregar ticket con etiqueta: 21'),
(291,	10,	'1666905781',	'::1',	'Agregar ticket con etiqueta: 22'),
(292,	10,	'1666905782',	'::1',	'Cargo de cobro restaurante en habitacion: 18'),
(293,	10,	'1666905985',	'::1',	'Check-in en habitacion: 25'),
(294,	10,	'1666905985',	'::1',	'Agregar reservacion: 17'),
(295,	10,	'1666906123',	'::1',	'Agregar ticket con etiqueta: 23'),
(296,	10,	'1666906124',	'::1',	'Pedir restaurante en mesa: 3'),
(297,	10,	'1666906520',	'::1',	'Cobro restaurante en mesa: 3'),
(298,	10,	'1666906579',	'::1',	'Asignar mesa: 5'),
(299,	10,	'1666906587',	'::1',	'Cambiar cantidad de personas en mesa: 5'),
(300,	10,	'1666906639',	'::1',	'Agregar ticket con etiqueta: 24'),
(301,	10,	'1666906639',	'::1',	'Pedir restaurante en mesa: 5'),
(302,	10,	'1666906704',	'::1',	'Cobro restaurante en mesa: 5'),
(303,	10,	'1666907059',	'::1',	'Agregar reservacion: 18'),
(304,	10,	'1666907151',	'::1',	'Borrar reservacion: 18'),
(305,	10,	'1666907248',	'::1',	'Editar huesped: 15'),
(306,	10,	'1666907455',	'::1',	'Agregar huesped: 16'),
(307,	10,	'1666907549',	'::1',	'Aplicar cargo por noche en las habitaciones'),
(308,	10,	'1666907549',	'::1',	'Reporte cargo por noche: 3 del 27 de octubre de 2022'),
(309,	10,	'1666907814',	'::1',	'Reporte surtir inventario: 1 del 09 de agosto de 2022'),
(310,	10,	'1666908049',	'::1',	'Agregar abono a la habitacion: 18'),
(311,	10,	'1666908049',	'::1',	'Agregar ticket con etiqueta: 25'),
(312,	10,	'1666908196',	'::1',	'Terminar estado limpieza de la habitacion: 4'),
(313,	10,	'1666908277',	'::1',	'Agregar abono a la habitacion: 18'),
(314,	10,	'1666908277',	'::1',	'Agregar ticket con etiqueta: 26'),
(315,	10,	'1666908742',	'::1',	'Agregar abono a la habitacion: 18'),
(316,	10,	'1666908742',	'::1',	'Agregar ticket con etiqueta: 27'),
(317,	10,	'1666909008',	'::1',	'Agregar abono a la habitacion: 18'),
(318,	10,	'1666909008',	'::1',	'Agregar ticket con etiqueta: 28'),
(319,	10,	'1666909032',	'::1',	'Borrar abono de habitacion: 18 en cuenta 27'),
(320,	10,	'1666909037',	'::1',	'Borrar abono de habitacion: 18 en cuenta 35'),
(321,	10,	'1666909040',	'::1',	'Borrar abono de habitacion: 18 en cuenta 34'),
(322,	10,	'1666909046',	'::1',	'Borrar abono de habitacion: 18 en cuenta 33'),
(323,	10,	'1666909056',	'::1',	'Borrar abono de habitacion: 18 en cuenta 32'),
(324,	10,	'1666965122',	'::1',	'Habitacion ocupada limpieza: 25'),
(325,	10,	'1666965136',	'::1',	'Terminar estado interno limpieza de la habitacion: 25'),
(326,	10,	'1666965140',	'::1',	'Terminar hospedaje en habitacion: 25'),
(327,	10,	'1666965148',	'::1',	'Terminar estado sucio de la habitacion: 25'),
(328,	10,	'1666965291',	'::1',	'Check-in en habitacion: 20'),
(329,	10,	'1666965291',	'::1',	'Agregar reservacion: 19'),
(330,	10,	'1666965292',	'::1',	'Agregar primer abono a la habitacion: 20'),
(331,	10,	'1666965292',	'::1',	'Agregar ticket con etiqueta: 29'),
(332,	10,	'1666965602',	'::1',	'Agregar reservacion: 20'),
(333,	10,	'1666965602',	'::1',	'Agregar primer abono a la habitacion: 0'),
(334,	10,	'1666965602',	'::1',	'Agregar ticket con etiqueta: 30'),
(335,	10,	'1666965681',	'::1',	'Editar reservacion: 20'),
(336,	10,	'1666965771',	'::1',	'Editar reservacion: 20'),
(337,	10,	'1666967136',	'::1',	'Agregar huesped: 17'),
(338,	10,	'1666967399',	'::1',	'Agregar huesped: 18'),
(339,	10,	'1666967670',	'::1',	'Agregar huesped: 19'),
(340,	10,	'1666967948',	'::1',	'Editar huesped: 18'),
(341,	10,	'1666968556',	'::1',	'Borrar huesped: 17'),
(342,	10,	'1666968558',	'::1',	'Borrar huesped: 19'),
(343,	10,	'1666968573',	'::1',	'Editar huesped: 18'),
(344,	10,	'1666969358',	'::1',	'Agregar huesped: 20'),
(345,	10,	'1666969403',	'::1',	'Check-in en habitacion: 25'),
(346,	10,	'1666969403',	'::1',	'Agregar reservacion: 21'),
(347,	10,	'1666969403',	'::1',	'Agregar primer abono a la habitacion: 25'),
(348,	10,	'1666969403',	'::1',	'Agregar ticket con etiqueta: 31'),
(349,	10,	'1666969515',	'::1',	'Agregar abono a la habitacion: 18'),
(350,	10,	'1666969515',	'::1',	'Agregar ticket con etiqueta: 32'),
(351,	10,	'1666969534',	'::1',	'Terminar hospedaje en habitacion: 18'),
(352,	10,	'1666969539',	'::1',	'Terminar estado sucio de la habitacion: 18'),
(353,	10,	'1666969673',	'::1',	'Agregar huesped: 21'),
(354,	10,	'1666969689',	'::1',	'Editar huesped: 21'),
(355,	10,	'1666969778',	'::1',	'Borrar huesped: 21'),
(356,	10,	'1666969783',	'::1',	'Borrar huesped: 15'),
(357,	10,	'1666970049',	'::1',	'Terminar hospedaje en habitacion: 20'),
(358,	10,	'1666970056',	'::1',	'Terminar estado sucio de la habitacion: 20'),
(359,	10,	'1666970133',	'::1',	'Terminar hospedaje en habitacion: 25'),
(360,	10,	'1666970158',	'::1',	'Terminar estado sucio de la habitacion: 25'),
(361,	10,	'1666971057',	'::1',	'Agregar huesped: 22'),
(362,	10,	'1666971141',	'::1',	'Borrar huesped: 22'),
(363,	10,	'1666971253',	'::1',	'Agregar huesped: 23'),
(364,	10,	'1666972065',	'::1',	'Editar huesped: 23'),
(365,	10,	'1666972173',	'::1',	'Editar huesped: 23'),
(366,	10,	'1666972184',	'::1',	'Borrar huesped: 23'),
(367,	10,	'1666972268',	'::1',	'Agregar huesped: 24'),
(368,	10,	'1666972301',	'::1',	'Editar huesped: 24'),
(369,	10,	'1666972369',	'::1',	'Editar huesped: 24'),
(370,	10,	'1666973187',	'::1',	'Agregar huesped: 25'),
(371,	10,	'1666973239',	'::1',	'Editar huesped: 25'),
(372,	10,	'1666974572',	'::1',	'Editar reservacion: 21'),
(373,	10,	'1666975043',	'::1',	'Asignar reservacion 20 para hacer check-in en habitacion: 5'),
(374,	10,	'1666975158',	'::1',	'Agregar cupon: 7'),
(375,	10,	'1666975180',	'::1',	'Editar cupon: 7'),
(376,	10,	'1666975368',	'::1',	'Agregar huesped: 26'),
(377,	10,	'1666975605',	'::1',	'Editar huesped: 26'),
(378,	10,	'1666977337',	'::1',	'Asignar mesa: 3'),
(379,	10,	'1666977764',	'::1',	'Agregar huesped: 27'),
(380,	10,	'1666978331',	'::1',	'Check-in en habitacion: 25'),
(381,	10,	'1666978331',	'::1',	'Agregar reservacion: 22'),
(382,	10,	'1666978410',	'::1',	'Agregar ticket con etiqueta: 33'),
(383,	10,	'1666978410',	'::1',	'Pedir restaurante en mesa: 3'),
(384,	10,	'1666978466',	'::1',	'Cobro restaurante en mesa: 3'),
(385,	10,	'1666978529',	'::1',	'Asignar mesa: 4'),
(386,	10,	'1666978579',	'::1',	'Agregar ticket con etiqueta: 34'),
(387,	10,	'1666978580',	'::1',	'Pedir restaurante en mesa: 4'),
(388,	10,	'1666979304',	'::1',	'Cargo de cobro restaurante en habitacion: 25 de la mesa 4'),
(389,	10,	'1666979496',	'::1',	'Terminar hospedaje en habitacion: 25'),
(390,	10,	'1666979501',	'::1',	'Terminar estado sucio de la habitacion: 25'),
(391,	10,	'1666980176',	'::1',	'Editar cupon: 7'),
(392,	10,	'1666980477',	'::1',	'Agregar huesped: 28'),
(393,	10,	'1666980515',	'::1',	'Check-in en habitacion: 25'),
(394,	10,	'1666980515',	'::1',	'Agregar reservacion: 23'),
(395,	10,	'1666980692',	'::1',	'Agregar huesped: 29'),
(396,	10,	'1666980731',	'::1',	'Agregar reservacion: 24'),
(397,	10,	'1666981496',	'::1',	'Reporte surtir inventario: 1 del 09 de agosto de 2022'),
(398,	10,	'1666987469',	'::1',	'Asignar reservacion 24 para hacer check-in en habitacion: 26'),
(399,	10,	'1666987641',	'::1',	'Agregar ticket con etiqueta: 35'),
(400,	10,	'1666987642',	'::1',	'Cargo de cobro restaurante en habitacion: 26'),
(401,	10,	'1666988552',	'::1',	'Agregar ticket con etiqueta: 36'),
(402,	10,	'1666988552',	'::1',	'Cargo de cobro restaurante en habitacion: 25'),
(403,	10,	'1666988610',	'::1',	'Asignar mesa: 5'),
(404,	10,	'1666988632',	'::1',	'Agregar ticket con etiqueta: 37'),
(405,	10,	'1666988632',	'::1',	'Pedir restaurante en mesa: 5'),
(406,	10,	'1666993256',	'::1',	'Cobro restaurante en mesa: 5'),
(407,	10,	'1666993686',	'::1',	'Asignar mesa: 4'),
(408,	10,	'1666993710',	'::1',	'Agregar ticket con etiqueta: 38'),
(409,	10,	'1666993710',	'::1',	'Pedir restaurante en mesa: 4'),
(410,	10,	'1666993773',	'::1',	'Cobro restaurante en mesa: 4'),
(411,	10,	'1667227862',	'::1',	'Asignar mesa: 4'),
(412,	10,	'1667227927',	'::1',	'Agregar ticket con etiqueta: 39'),
(413,	10,	'1667227927',	'::1',	'Pedir restaurante en mesa: 4'),
(414,	10,	'1667242867',	'::1',	'Reporte surtir inventario: 1 del 09 de agosto de 2022'),
(415,	10,	'1667243242',	'::1',	'Check-in en habitacion: 3'),
(416,	10,	'1667243242',	'::1',	'Agregar reservacion: 25'),
(417,	10,	'1667243259',	'::1',	'Terminar hospedaje en habitacion: 3'),
(418,	10,	'1667243264',	'::1',	'Terminar estado sucio de la habitacion: 3'),
(419,	10,	'1667243292',	'::1',	'Agregar abono a la habitacion: 25'),
(420,	10,	'1667243292',	'::1',	'Agregar ticket con etiqueta: 40'),
(421,	10,	'1667243301',	'::1',	'Terminar hospedaje en habitacion: 25'),
(422,	10,	'1667243304',	'::1',	'Terminar estado sucio de la habitacion: 25'),
(423,	10,	'1667243677',	'::1',	'Editar huesped: 18'),
(424,	10,	'1667244081',	'::1',	'Borrar reservacion: 25'),
(425,	10,	'1667244507',	'::1',	'Check-in en habitacion: 25'),
(426,	10,	'1667244507',	'::1',	'Agregar reservacion: 26'),
(427,	10,	'1667244507',	'::1',	'Agregar primer abono a la habitacion: 25'),
(428,	10,	'1667244507',	'::1',	'Agregar ticket con etiqueta: 41'),
(429,	10,	'1667244522',	'::1',	'Terminar hospedaje en habitacion: 25'),
(430,	10,	'1667244526',	'::1',	'Terminar estado sucio de la habitacion: 25'),
(431,	10,	'1667244592',	'::1',	'Borrar reservacion: 26'),
(432,	10,	'1667244777',	'::1',	'Agregar huesped: 30'),
(433,	10,	'1667245274',	'::1',	'Check-in en habitacion: 25'),
(434,	10,	'1667245274',	'::1',	'Agregar reservacion: 27'),
(435,	10,	'1667245274',	'::1',	'Agregar primer abono a la habitacion: 25'),
(436,	10,	'1667245274',	'::1',	'Agregar ticket con etiqueta: 42'),
(437,	10,	'1667245320',	'::1',	'Borrar reservacion: 27'),
(438,	10,	'1667245347',	'::1',	'Terminar hospedaje en habitacion: 25'),
(439,	10,	'1667245351',	'::1',	'Terminar estado sucio de la habitacion: 25'),
(440,	10,	'1667245853',	'::1',	'Check-in en habitacion: 25'),
(441,	10,	'1667245854',	'::1',	'Agregar reservacion: 28'),
(442,	10,	'1667245854',	'::1',	'Agregar primer abono a la habitacion: 25'),
(443,	10,	'1667245854',	'::1',	'Agregar ticket con etiqueta: 43'),
(444,	10,	'1667245868',	'::1',	'Terminar hospedaje en habitacion: 25'),
(445,	10,	'1667245872',	'::1',	'Terminar estado sucio de la habitacion: 25'),
(446,	10,	'1667245886',	'::1',	'Borrar reservacion: 28'),
(447,	10,	'1667246115',	'::1',	'Check-in en habitacion: 22'),
(448,	10,	'1667246115',	'::1',	'Agregar reservacion: 29'),
(449,	10,	'1667246115',	'::1',	'Agregar primer abono a la habitacion: 22'),
(450,	10,	'1667246115',	'::1',	'Agregar ticket con etiqueta: 44'),
(451,	10,	'1667246128',	'::1',	'Terminar hospedaje en habitacion: 22'),
(452,	10,	'1667246132',	'::1',	'Terminar estado sucio de la habitacion: 22'),
(453,	10,	'1667249019',	'::1',	'Borrar huesped: 26'),
(454,	10,	'1667249022',	'::1',	'Borrar huesped: 30'),
(455,	10,	'1667249094',	'::1',	'Agregar abono a la habitacion: 26'),
(456,	10,	'1667249094',	'::1',	'Agregar ticket con etiqueta: 45'),
(457,	10,	'1667249103',	'::1',	'Terminar hospedaje en habitacion: 26'),
(458,	10,	'1667249107',	'::1',	'Terminar estado sucio de la habitacion: 26'),
(459,	10,	'1667249436',	'::1',	'Check-in en habitacion: 25'),
(460,	10,	'1667249436',	'::1',	'Agregar reservacion: 30'),
(461,	10,	'1667249436',	'::1',	'Agregar primer abono a la habitacion: 25'),
(462,	10,	'1667249436',	'::1',	'Agregar ticket con etiqueta: 46'),
(463,	10,	'1667249461',	'::1',	'Terminar hospedaje en habitacion: 25'),
(464,	10,	'1667249465',	'::1',	'Terminar estado sucio de la habitacion: 25'),
(465,	10,	'1667252006',	'::1',	'Check-in en habitacion: 6'),
(466,	10,	'1667252006',	'::1',	'Agregar reservacion: 31'),
(467,	10,	'1667252006',	'::1',	'Agregar primer abono a la habitacion: 6'),
(468,	10,	'1667252006',	'::1',	'Agregar ticket con etiqueta: 47'),
(469,	10,	'1667252099',	'::1',	'Terminar estado sucio de la habitacion: 7'),
(470,	10,	'1667252176',	'::1',	'Terminar hospedaje en habitacion: 6'),
(471,	10,	'1667252952',	'::1',	'Check-in en habitacion: 25'),
(472,	10,	'1667252952',	'::1',	'Agregar reservacion: 32'),
(473,	10,	'1667252958',	'::1',	'Terminar hospedaje en habitacion: 25'),
(474,	10,	'1667252963',	'::1',	'Terminar estado sucio de la habitacion: 25'),
(475,	10,	'1667258304',	'::1',	'Check-in en habitacion: 25'),
(476,	10,	'1667258304',	'::1',	'Agregar reservacion: 33'),
(477,	10,	'1667258304',	'::1',	'Agregar primer abono a la habitacion: 25'),
(478,	10,	'1667258304',	'::1',	'Agregar ticket con etiqueta: 48'),
(479,	10,	'1667258311',	'::1',	'Terminar hospedaje en habitacion: 25'),
(480,	10,	'1667258316',	'::1',	'Terminar estado sucio de la habitacion: 25'),
(481,	10,	'1667315949',	'::1',	'Check-in en habitacion: 25'),
(482,	10,	'1667315949',	'::1',	'Agregar reservacion: 34'),
(483,	10,	'1667315985',	'::1',	'Terminar hospedaje en habitacion: 25'),
(484,	10,	'1667315990',	'::1',	'Terminar estado sucio de la habitacion: 25'),
(485,	10,	'1667325369',	'::1',	'Check-in en habitacion: 3'),
(486,	10,	'1667325369',	'::1',	'Agregar reservacion: 35'),
(487,	10,	'1667325381',	'::1',	'Terminar hospedaje en habitacion: 3'),
(488,	10,	'1667325385',	'::1',	'Terminar estado sucio de la habitacion: 3'),
(489,	10,	'1667332432',	'::1',	'Check-in en habitacion: 3'),
(490,	10,	'1667332432',	'::1',	'Agregar reservacion: 36'),
(491,	10,	'1667332442',	'::1',	'Terminar hospedaje en habitacion: 3'),
(492,	10,	'1667332446',	'::1',	'Terminar estado sucio de la habitacion: 3'),
(493,	10,	'1667332573',	'::1',	'Check-in en habitacion: 3'),
(494,	10,	'1667332573',	'::1',	'Agregar reservacion: 37'),
(495,	10,	'1667332602',	'::1',	'Terminar hospedaje en habitacion: 3'),
(496,	10,	'1667332605',	'::1',	'Terminar estado sucio de la habitacion: 3'),
(497,	10,	'1667332744',	'::1',	'Check-in en habitacion: 3'),
(498,	10,	'1667332744',	'::1',	'Agregar reservacion: 38'),
(499,	10,	'1667332750',	'::1',	'Terminar hospedaje en habitacion: 3'),
(500,	10,	'1667332753',	'::1',	'Terminar estado sucio de la habitacion: 3'),
(501,	10,	'1667931436',	'::1',	'Reporte surtir inventario: 1 del 09 de agosto de 2022'),
(502,	10,	'1667931590',	'::1',	'Reporte surtir inventario: 1 del 09 de agosto de 2022'),
(503,	10,	'1667932108',	'::1',	'Reporte reservaciones por dia: 16 de septiembre de 2022'),
(504,	2,	'1669994955',	'::1',	'Inicio de session el usuario: 2'),
(505,	2,	'1677856569',	'::1',	'Inicio de session el usuario: 2'),
(506,	2,	'1677856822',	'::1',	'Check-in en habitacion: 3'),
(507,	2,	'1677856822',	'::1',	'Agregar reservacion: 39'),
(508,	2,	'1678119449',	'192.168.2.192',	'Inicio de session el usuario: 2'),
(509,	2,	'1678119504',	'192.168.2.192',	'Cambiar foto de inicio'),
(510,	2,	'1678120073',	'192.168.2.192',	'Inicio de session el usuario: 2'),
(511,	2,	'1678144237',	'::1',	'Inicio de session el usuario: 2'),
(512,	2,	'1678210940',	'::1',	'Limpieza en habitacion: 4'),
(513,	2,	'1678212955',	'::1',	'Agregar tipo de habitacion: Hola mundo'),
(514,	2,	'1678213107',	'::1',	'Borrar tipo de habitacion: 4'),
(515,	2,	'1678215582',	'::1',	'Agregar tipo de habitacion: wd'),
(516,	2,	'1678216090',	'::1',	'Borrar tipo de habitacion: 5'),
(517,	2,	'1678216092',	'::1',	'Borrar tipo de habitacion: 3'),
(518,	2,	'1678218419',	'::1',	'Agregar tipo de habitacion: wda'),
(519,	2,	'1678218911',	'::1',	'Borrar tipo de habitacion: 6'),
(520,	0,	'1678223809',	'::1',	'Agregar tipo de habitacion: wad'),
(521,	0,	'1678224575',	'::1',	'Agregar tipo de habitacion: e4t'),
(522,	2,	'1678224862',	'::1',	'Borrar tipo de habitacion: 7'),
(523,	2,	'1678224863',	'::1',	'Borrar tipo de habitacion: 8'),
(524,	0,	'1678224871',	'::1',	'Agregar tipo de habitacion: prueba'),
(525,	0,	'1678224928',	'::1',	'Agregar tipo de habitacion: wd'),
(526,	0,	'1678224983',	'::1',	'Agregar tipo de habitacion: sefsf'),
(527,	2,	'1678224997',	'::1',	'Borrar tipo de habitacion: 9'),
(528,	2,	'1678224999',	'::1',	'Borrar tipo de habitacion: 11'),
(529,	2,	'1678225001',	'::1',	'Borrar tipo de habitacion: 10'),
(530,	0,	'1678225363',	'::1',	'Agregar tipo de habitacion: dadd'),
(531,	0,	'1678225470',	'::1',	'Agregar tipo de habitacion: adawdad'),
(532,	2,	'1678225539',	'::1',	'Borrar tipo de habitacion: 13'),
(533,	2,	'1678225541',	'::1',	'Borrar tipo de habitacion: 12'),
(534,	0,	'1678226671',	'::1',	'Agregar tipo de habitacion: '),
(535,	0,	'1678226961',	'::1',	'Agregar tipo de habitacion: '),
(536,	0,	'1678227012',	'::1',	'Agregar tipo de habitacion: '),
(537,	0,	'1678227069',	'::1',	'Agregar tipo de habitacion: awda'),
(538,	2,	'1678227079',	'::1',	'Borrar tipo de habitacion: 14'),
(539,	2,	'1678227080',	'::1',	'Borrar tipo de habitacion: 15'),
(540,	2,	'1678227082',	'::1',	'Borrar tipo de habitacion: 16'),
(541,	2,	'1678227084',	'::1',	'Borrar tipo de habitacion: 17'),
(542,	0,	'1678227096',	'::1',	'Agregar tipo de habitacion: Prueba 1'),
(543,	0,	'1678227210',	'::1',	'Agregar tipo de habitacion: awda'),
(544,	0,	'1678227332',	'::1',	'Agregar tipo de habitacion: bbbb'),
(545,	0,	'1678227344',	'::1',	'Agregar tipo de habitacion: zzzzz'),
(546,	0,	'1678227360',	'::1',	'Agregar tipo de habitacion: xxxx'),
(547,	2,	'1678227410',	'::1',	'Borrar tipo de habitacion: 19'),
(548,	2,	'1678227412',	'::1',	'Borrar tipo de habitacion: 20'),
(549,	2,	'1678227415',	'::1',	'Borrar tipo de habitacion: 18'),
(550,	2,	'1678227417',	'::1',	'Borrar tipo de habitacion: 22'),
(551,	2,	'1678227418',	'::1',	'Borrar tipo de habitacion: 21'),
(552,	0,	'1678227497',	'::1',	'Agregar tipo de habitacion: zzz'),
(553,	0,	'1678227730',	'::1',	'Agregar tipo de habitacion: wada'),
(554,	2,	'1678227917',	'::1',	'Borrar tipo de habitacion: 24'),
(555,	2,	'1678227918',	'::1',	'Borrar tipo de habitacion: 23'),
(556,	0,	'1678227929',	'::1',	'Agregar tipo de habitacion: weqwe'),
(557,	0,	'1678228198',	'::1',	'Agregar tipo de habitacion: 453'),
(558,	0,	'1678228406',	'::1',	'Agregar tipo de habitacion: '),
(559,	2,	'1678228780',	'::1',	'Borrar tipo de habitacion: 27'),
(560,	2,	'1678228782',	'::1',	'Borrar tipo de habitacion: 26'),
(561,	2,	'1678228783',	'::1',	'Borrar tipo de habitacion: 25'),
(562,	2,	'1678230008',	'::1',	'Agregar tipo de habitacion: awda'),
(563,	2,	'1678232456',	'::1',	'Borrar tipo de habitacion: 28'),
(564,	2,	'1678234449',	'::1',	'Agregar tipo de habitacion: sef'),
(565,	2,	'1678234510',	'::1',	'Agregar tipo de habitacion: Ultima prueba'),
(566,	2,	'1678234605',	'::1',	'Agregar tipo de habitacion: awd'),
(567,	2,	'1678234681',	'::1',	'Agregar tipo de habitacion: wd'),
(568,	2,	'1678234766',	'::1',	'Borrar tipo de habitacion: 32'),
(569,	2,	'1678234769',	'::1',	'Borrar tipo de habitacion: 29'),
(570,	2,	'1678234771',	'::1',	'Borrar tipo de habitacion: 31'),
(571,	2,	'1678235244',	'::1',	'Agregar tipo de habitacion: Prueba final final'),
(572,	2,	'1678235380',	'::1',	'Agregar tipo de habitacion: awdad'),
(573,	2,	'1678235501',	'::1',	'Borrar tipo de habitacion: 34'),
(574,	2,	'1678235529',	'::1',	'Agregar tipo de habitacion: nombre'),
(575,	2,	'1678287812',	'::1',	'Borrar tipo de habitacion: 35'),
(576,	2,	'1678287816',	'::1',	'Borrar tipo de habitacion: 33'),
(577,	2,	'1678287818',	'::1',	'Borrar tipo de habitacion: 30'),
(578,	2,	'1678287836',	'::1',	'Agregar tipo de habitacion: 08-03-2023'),
(579,	2,	'1678288802',	'::1',	'Agregar tipo de habitacion: 2'),
(580,	2,	'1678291514',	'::1',	'Agregar tipo de habitacion: Nombre'),
(581,	2,	'1678291523',	'::1',	'Borrar tipo de habitacion: 38'),
(582,	2,	'1678292746',	'::1',	'Editar tipo de habitacion: 36'),
(583,	2,	'1678292815',	'::1',	'Editar tipo de habitacion: 36'),
(584,	2,	'1678292833',	'::1',	'Editar tipo de habitacion: 36'),
(585,	2,	'1678292886',	'::1',	'Editar tipo de habitacion: 36'),
(586,	2,	'1678293833',	'::1',	'Agregar tipo de habitacion: awd'),
(587,	2,	'1678294317',	'::1',	'Borrar tipo de habitacion: 37'),
(588,	2,	'1678294319',	'::1',	'Borrar tipo de habitacion: 39'),
(589,	0,	'1678294806',	'::1',	'Agregar tipo de habitacion: '),
(590,	2,	'1678294878',	'::1',	'Borrar tipo de habitacion: 40'),
(591,	2,	'1678294887',	'::1',	'Agregar tipo de habitacion: WA'),
(592,	2,	'1678295102',	'::1',	'Agregar tipo de habitacion: wda'),
(593,	2,	'1678295117',	'::1',	'Agregar tipo de habitacion: wwwwwwww'),
(594,	2,	'1678295277',	'::1',	'Agregar tipo de habitacion: oip'),
(595,	2,	'1678295343',	'::1',	'Borrar tipo de habitacion: 43'),
(596,	2,	'1678295350',	'::1',	'Borrar tipo de habitacion: 42'),
(597,	2,	'1678295354',	'::1',	'Borrar tipo de habitacion: 41'),
(598,	2,	'1678295355',	'::1',	'Borrar tipo de habitacion: 44'),
(599,	2,	'1678295357',	'::1',	'Borrar tipo de habitacion: 36'),
(600,	0,	'1678295620',	'::1',	'Agregar tipo de habitacion: '),
(601,	0,	'1678295641',	'::1',	'Agregar tipo de habitacion: '),
(602,	0,	'1678295716',	'::1',	'Agregar tipo de habitacion: '),
(603,	2,	'1678295810',	'::1',	'Borrar tipo de habitacion: 47'),
(604,	2,	'1678295811',	'::1',	'Borrar tipo de habitacion: 45'),
(605,	2,	'1678295813',	'::1',	'Borrar tipo de habitacion: 46'),
(606,	2,	'1678295818',	'::1',	'Agregar tipo de habitacion: awd'),
(607,	2,	'1678295997',	'::1',	'Agregar tipo de habitacion: prueba'),
(608,	2,	'1678296022',	'::1',	'Borrar tipo de habitacion: 49'),
(609,	2,	'1678296024',	'::1',	'Borrar tipo de habitacion: 48'),
(610,	2,	'1678296112',	'::1',	'Agregar tipo de habitacion: wda'),
(611,	2,	'1678296167',	'::1',	'Agregar tipo de habitacion: 2'),
(612,	2,	'1678296252',	'::1',	'Agregar tipo de habitacion: nombre'),
(613,	2,	'1678296259',	'::1',	'Borrar tipo de habitacion: 51'),
(614,	2,	'1678296275',	'::1',	'Agregar tipo de habitacion: awd'),
(615,	2,	'1678296281',	'::1',	'Borrar tipo de habitacion: 50'),
(616,	2,	'1678296282',	'::1',	'Borrar tipo de habitacion: 53'),
(617,	2,	'1678296284',	'::1',	'Borrar tipo de habitacion: 52'),
(618,	2,	'1678296634',	'::1',	'Agregar tipo de habitacion: Sencillo'),
(619,	2,	'1678296858',	'::1',	'Agregar tipo de habitacion: habitacion'),
(620,	2,	'1678296902',	'::1',	'Agregar tipo de habitacion: habitacion'),
(621,	2,	'1678297004',	'::1',	'Borrar tipo de habitacion: 55'),
(622,	2,	'1678297006',	'::1',	'Borrar tipo de habitacion: 56'),
(623,	0,	'1678297086',	'::1',	'Agregar tipo de habitacion: '),
(624,	2,	'1678297439',	'::1',	'Borrar tipo de habitacion: 57'),
(625,	2,	'1678297484',	'::1',	'Agregar tipo de habitacion: '),
(626,	2,	'1678297853',	'::1',	'Agregar tipo de habitacion: '),
(627,	2,	'1678297904',	'::1',	'Borrar tipo de habitacion: 58'),
(628,	2,	'1678297905',	'::1',	'Borrar tipo de habitacion: 59'),
(629,	2,	'1678297906',	'::1',	'Borrar tipo de habitacion: 60'),
(630,	2,	'1678297907',	'::1',	'Borrar tipo de habitacion: 61'),
(631,	2,	'1678297983',	'::1',	'Agregar tipo de habitacion: '),
(632,	2,	'1678298399',	'::1',	'Agregar tipo de habitacion: '),
(633,	2,	'1678298488',	'::1',	'Agregar tipo de habitacion: qeqwe'),
(634,	2,	'1678298495',	'::1',	'Agregar tipo de habitacion: 1'),
(635,	2,	'1678298499',	'::1',	'Borrar tipo de habitacion: 62'),
(636,	2,	'1678298500',	'::1',	'Borrar tipo de habitacion: 63'),
(637,	2,	'1678298503',	'::1',	'Borrar tipo de habitacion: 64'),
(638,	2,	'1678298571',	'::1',	'Agregar tipo de habitacion: www'),
(639,	2,	'1678298575',	'::1',	'Agregar tipo de habitacion: www'),
(640,	2,	'1678298600',	'::1',	'Agregar tipo de habitacion: ww'),
(641,	2,	'1678298615',	'::1',	'Borrar tipo de habitacion: 68'),
(642,	2,	'1678298616',	'::1',	'Borrar tipo de habitacion: 66'),
(643,	2,	'1678298618',	'::1',	'Borrar tipo de habitacion: 67'),
(644,	2,	'1678298620',	'::1',	'Borrar tipo de habitacion: 65'),
(645,	2,	'1678298640',	'::1',	'Agregar tipo de habitacion: 2'),
(646,	2,	'1678298660',	'::1',	'Agregar tipo de habitacion: 3'),
(647,	2,	'1678298680',	'::1',	'Agregar tipo de habitacion: 4'),
(648,	2,	'1678298730',	'::1',	'Agregar tipo de habitacion: 1'),
(649,	2,	'1678298763',	'::1',	'Agregar tipo de habitacion: 3'),
(650,	2,	'1678298768',	'::1',	'Borrar tipo de habitacion: 72'),
(651,	2,	'1678298769',	'::1',	'Borrar tipo de habitacion: 69'),
(652,	2,	'1678298770',	'::1',	'Borrar tipo de habitacion: 70'),
(653,	2,	'1678298771',	'::1',	'Borrar tipo de habitacion: 73'),
(654,	2,	'1678298773',	'::1',	'Borrar tipo de habitacion: 71'),
(655,	2,	'1678298788',	'::1',	'Agregar tipo de habitacion: 2'),
(656,	2,	'1678298846',	'::1',	'Agregar tipo de habitacion: 9'),
(657,	2,	'1678298916',	'::1',	'Borrar tipo de habitacion: 74'),
(658,	2,	'1678298917',	'::1',	'Borrar tipo de habitacion: 75'),
(659,	2,	'1678299510',	'::1',	'Agregar tipo de habitacion: '),
(660,	2,	'1678299533',	'::1',	'Agregar tipo de habitacion: '),
(661,	2,	'1678299547',	'::1',	'Agregar tipo de habitacion: e'),
(662,	2,	'1678299563',	'::1',	'Agregar tipo de habitacion: e'),
(663,	2,	'1678299593',	'::1',	'Borrar tipo de habitacion: 78'),
(664,	2,	'1678299594',	'::1',	'Borrar tipo de habitacion: 79'),
(665,	2,	'1678299596',	'::1',	'Borrar tipo de habitacion: 76'),
(666,	2,	'1678299599',	'::1',	'Borrar tipo de habitacion: 77'),
(667,	2,	'1678299625',	'::1',	'Agregar tipo de habitacion: efwef'),
(668,	2,	'1678299652',	'::1',	'Agregar tipo de habitacion: 3'),
(669,	2,	'1678299719',	'::1',	'Agregar tipo de habitacion: 4'),
(670,	2,	'1678299738',	'::1',	'Agregar tipo de habitacion: ee'),
(671,	2,	'1678299794',	'::1',	'Agregar tipo de habitacion: 1'),
(672,	2,	'1678299798',	'::1',	'Borrar tipo de habitacion: 81'),
(673,	2,	'1678299799',	'::1',	'Borrar tipo de habitacion: 82'),
(674,	2,	'1678299801',	'::1',	'Borrar tipo de habitacion: 83'),
(675,	2,	'1678299802',	'::1',	'Borrar tipo de habitacion: 84'),
(676,	2,	'1678299804',	'::1',	'Borrar tipo de habitacion: 80'),
(677,	2,	'1678299837',	'::1',	'Agregar tipo de habitacion: 1'),
(678,	2,	'1678300190',	'::1',	'Agregar tipo de habitacion: W'),
(679,	2,	'1678300239',	'::1',	'Agregar tipo de habitacion: 0'),
(680,	2,	'1678300245',	'::1',	'Borrar tipo de habitacion: 87'),
(681,	2,	'1678300246',	'::1',	'Borrar tipo de habitacion: 85'),
(682,	2,	'1678300248',	'::1',	'Borrar tipo de habitacion: 86'),
(683,	2,	'1678300262',	'::1',	'Agregar tipo de habitacion: '),
(684,	2,	'1678300943',	'::1',	'Borrar tipo de habitacion: 88'),
(685,	2,	'1678301525',	'::1',	'Agregar tipo de habitacion: 1'),
(686,	2,	'1678301562',	'::1',	'Agregar tipo de habitacion: 2'),
(687,	2,	'1678301588',	'::1',	'Agregar tipo de habitacion: 4'),
(688,	2,	'1678301598',	'::1',	'Borrar tipo de habitacion: 89'),
(689,	2,	'1678301600',	'::1',	'Borrar tipo de habitacion: 90'),
(690,	2,	'1678301602',	'::1',	'Borrar tipo de habitacion: 91'),
(691,	2,	'1678301914',	'::1',	'Agregar tipo de habitacion: 1'),
(692,	2,	'1678302105',	'::1',	'Agregar tipo de habitacion: 2'),
(693,	2,	'1678303773',	'::1',	'Agregar tipo de habitacion: 1'),
(694,	2,	'1678303777',	'::1',	'Borrar tipo de habitacion: 92'),
(695,	2,	'1678303778',	'::1',	'Borrar tipo de habitacion: 94'),
(696,	2,	'1678304692',	'::1',	'Borrar tipo de habitacion: 93'),
(697,	2,	'1678304696',	'::1',	'Agregar tipo de habitacion: 2'),
(698,	2,	'1678304719',	'::1',	'Agregar tipo de habitacion: '),
(699,	0,	'1678304755',	'::1',	'Agregar tipo de habitacion: 2'),
(700,	0,	'1678304763',	'::1',	'Agregar tipo de habitacion: 2'),
(701,	2,	'1678304777',	'::1',	'Borrar tipo de habitacion: 96'),
(702,	2,	'1678304778',	'::1',	'Borrar tipo de habitacion: 95'),
(703,	2,	'1678304779',	'::1',	'Borrar tipo de habitacion: 97'),
(704,	2,	'1678304781',	'::1',	'Borrar tipo de habitacion: 98'),
(705,	2,	'1678304784',	'::1',	'Agregar tipo de habitacion: 1'),
(706,	2,	'1678304986',	'::1',	'Agregar tipo de habitacion: '),
(707,	2,	'1678310057',	'::1',	'Borrar tipo de habitacion: 99'),
(708,	2,	'1678310058',	'::1',	'Borrar tipo de habitacion: 100'),
(709,	2,	'1678310077',	'::1',	'Agregar tipo de habitacion: 1'),
(710,	2,	'1678310110',	'::1',	'Agregar tipo de habitacion: 2'),
(711,	2,	'1678310905',	'::1',	'Borrar tipo de habitacion: 101'),
(712,	2,	'1678310907',	'::1',	'Borrar tipo de habitacion: 102'),
(713,	2,	'1678310911',	'::1',	'Agregar tipo de habitacion: 3'),
(714,	2,	'1678310930',	'::1',	'Agregar tipo de habitacion: 2'),
(715,	2,	'1678310950',	'::1',	'Borrar tipo de habitacion: 104'),
(716,	2,	'1678310951',	'::1',	'Borrar tipo de habitacion: 103'),
(717,	2,	'1678310955',	'::1',	'Agregar tipo de habitacion: 1'),
(718,	2,	'1678311151',	'::1',	'Agregar tipo de habitacion: 2'),
(719,	2,	'1678311271',	'::1',	'Agregar tipo de habitacion: 2'),
(720,	2,	'1678311323',	'::1',	'Borrar tipo de habitacion: 105'),
(721,	2,	'1678311324',	'::1',	'Borrar tipo de habitacion: 106'),
(722,	2,	'1678311325',	'::1',	'Borrar tipo de habitacion: 107'),
(723,	2,	'1678311329',	'::1',	'Agregar tipo de habitacion: 1'),
(724,	2,	'1678311699',	'::1',	'Agregar tipo de habitacion: 1'),
(725,	2,	'1678311977',	'::1',	'Agregar tipo de habitacion: 2'),
(726,	2,	'1678312051',	'::1',	'Agregar tipo de habitacion: 3'),
(727,	2,	'1678312321',	'::1',	'Agregar tipo de habitacion: e'),
(728,	2,	'1678312327',	'::1',	'Borrar tipo de habitacion: 108'),
(729,	2,	'1678312328',	'::1',	'Borrar tipo de habitacion: 109'),
(730,	2,	'1678312329',	'::1',	'Borrar tipo de habitacion: 110'),
(731,	2,	'1678312331',	'::1',	'Borrar tipo de habitacion: 111'),
(732,	2,	'1678312332',	'::1',	'Borrar tipo de habitacion: 112'),
(733,	2,	'1678312340',	'::1',	'Agregar tipo de habitacion: 1'),
(734,	2,	'1678312394',	'::1',	'Agregar tipo de habitacion: 3'),
(735,	2,	'1678312418',	'::1',	'Agregar tipo de habitacion: 2'),
(736,	2,	'1678312528',	'::1',	'Borrar tipo de habitacion: 113'),
(737,	2,	'1678312530',	'::1',	'Borrar tipo de habitacion: 115'),
(738,	2,	'1678312531',	'::1',	'Borrar tipo de habitacion: 114'),
(739,	2,	'1678312539',	'::1',	'Agregar tipo de habitacion: 1'),
(740,	2,	'1678312625',	'::1',	'Agregar tipo de habitacion: 3'),
(741,	2,	'1678312662',	'::1',	'Agregar tipo de habitacion: 2'),
(742,	2,	'1678312664',	'::1',	'Agregar tipo de habitacion: 2'),
(743,	2,	'1678312706',	'::1',	'Borrar tipo de habitacion: 116'),
(744,	2,	'1678312707',	'::1',	'Borrar tipo de habitacion: 118'),
(745,	2,	'1678312708',	'::1',	'Borrar tipo de habitacion: 119'),
(746,	2,	'1678312710',	'::1',	'Borrar tipo de habitacion: 117'),
(747,	2,	'1678312740',	'::1',	'Agregar tipo de habitacion: 3'),
(748,	2,	'1678312750',	'::1',	'Agregar tipo de habitacion: 5'),
(749,	2,	'1678312776',	'::1',	'Agregar tipo de habitacion: 7'),
(750,	2,	'1678312818',	'::1',	'Agregar tipo de habitacion: 9'),
(751,	2,	'1678312828',	'::1',	'Borrar tipo de habitacion: 120'),
(752,	2,	'1678312830',	'::1',	'Borrar tipo de habitacion: 121'),
(753,	2,	'1678312831',	'::1',	'Borrar tipo de habitacion: 122'),
(754,	2,	'1678312833',	'::1',	'Borrar tipo de habitacion: 123'),
(755,	2,	'1678312838',	'::1',	'Agregar tipo de habitacion: 4'),
(756,	2,	'1678313429',	'::1',	'Agregar tipo de habitacion: 6'),
(757,	2,	'1678313520',	'::1',	'Agregar tipo de habitacion: 7'),
(758,	2,	'1678313542',	'::1',	'Borrar tipo de habitacion: 124'),
(759,	2,	'1678313543',	'::1',	'Borrar tipo de habitacion: 125'),
(760,	2,	'1678313544',	'::1',	'Borrar tipo de habitacion: 126'),
(761,	2,	'1678313549',	'::1',	'Agregar tipo de habitacion: 6'),
(762,	2,	'1678313619',	'::1',	'Borrar tipo de habitacion: 127'),
(763,	2,	'1678314322',	'::1',	'Agregar tipo de habitacion: 22'),
(764,	2,	'1678314325',	'::1',	'Borrar tipo de habitacion: 128'),
(765,	2,	'1678314716',	'::1',	'Agregar tipo de habitacion: wd'),
(766,	2,	'1678314723',	'::1',	'Borrar tipo de habitacion: 129'),
(767,	2,	'1678314824',	'::1',	'Agregar tipo de habitacion: ee'),
(768,	2,	'1678314852',	'::1',	'Agregar tipo de habitacion: ee'),
(769,	2,	'1678314855',	'::1',	'Borrar tipo de habitacion: 130'),
(770,	2,	'1678314857',	'::1',	'Borrar tipo de habitacion: 131'),
(771,	2,	'1678314869',	'::1',	'Editar tipo de habitacion: 1'),
(772,	2,	'1678314968',	'::1',	'Editar tipo de habitacion: 1'),
(773,	2,	'1678315136',	'::1',	'Agregar tipo de habitacion: g6'),
(774,	2,	'1678315160',	'::1',	'Borrar tipo de habitacion: 132'),
(775,	2,	'1678315164',	'::1',	'Agregar tipo de habitacion: 666'),
(776,	2,	'1678315188',	'::1',	'Agregar tipo de habitacion: g'),
(777,	2,	'1678315199',	'::1',	'Borrar tipo de habitacion: 133'),
(778,	2,	'1678315201',	'::1',	'Borrar tipo de habitacion: 134'),
(779,	2,	'1678315205',	'::1',	'Agregar tipo de habitacion: gg'),
(780,	2,	'1678315236',	'::1',	'Borrar tipo de habitacion: 135'),
(781,	2,	'1678315337',	'::1',	'Agregar tipo de habitacion: ihh'),
(782,	2,	'1678315338',	'::1',	'Agregar tipo de habitacion: ihh'),
(783,	2,	'1678315338',	'::1',	'Agregar tipo de habitacion: ihh'),
(784,	2,	'1678315338',	'::1',	'Agregar tipo de habitacion: ihh'),
(785,	2,	'1678315339',	'::1',	'Agregar tipo de habitacion: ihh'),
(786,	2,	'1678315339',	'::1',	'Agregar tipo de habitacion: ihh'),
(787,	2,	'1678315339',	'::1',	'Agregar tipo de habitacion: ihh'),
(788,	2,	'1678315339',	'::1',	'Agregar tipo de habitacion: ihh'),
(789,	2,	'1678315347',	'::1',	'Borrar tipo de habitacion: 142'),
(790,	2,	'1678315350',	'::1',	'Borrar tipo de habitacion: 141'),
(791,	2,	'1678315351',	'::1',	'Borrar tipo de habitacion: 136'),
(792,	2,	'1678315353',	'::1',	'Borrar tipo de habitacion: 137'),
(793,	2,	'1678315354',	'::1',	'Borrar tipo de habitacion: 138'),
(794,	2,	'1678315355',	'::1',	'Borrar tipo de habitacion: 139'),
(795,	2,	'1678315356',	'::1',	'Borrar tipo de habitacion: 140'),
(796,	2,	'1678315358',	'::1',	'Borrar tipo de habitacion: 143'),
(797,	2,	'1678315471',	'::1',	'Agregar tipo de habitacion: ui'),
(798,	2,	'1678315475',	'::1',	'Borrar tipo de habitacion: 144'),
(799,	2,	'1678315507',	'::1',	'Agregar tipo de habitacion: y'),
(800,	2,	'1678315511',	'::1',	'Borrar tipo de habitacion: 145'),
(801,	2,	'1678315616',	'::1',	'Editar tipo de habitacion: 1'),
(802,	2,	'1678316495',	'::1',	'Agregar tipo de habitacion: ee'),
(803,	0,	'1678317633',	'::1',	'Borrar tipo de habitacion: '),
(804,	2,	'1678319663',	'::1',	'Borrar tarifa hospedaje: 1'),
(805,	0,	'1678319789',	'::1',	'Borrar tipo de habitacion: '),
(806,	0,	'1678319795',	'::1',	'Borrar tipo de habitacion: '),
(807,	2,	'1678319853',	'::1',	'Borrar tipo de habitacion: 146'),
(808,	2,	'1678319944',	'::1',	'Agregar tipo de habitacion: awd'),
(809,	2,	'1678319952',	'::1',	'Borrar tipo de habitacion: 147'),
(810,	2,	'1678319961',	'::1',	'Editar tipo de habitacion: 54'),
(811,	2,	'1678320359',	'::1',	'Agregar tipo de habitacion: rytrt'),
(812,	2,	'1678320422',	'::1',	'Borrar tipo de habitacion: 148'),
(813,	2,	'1678320427',	'::1',	'Agregar tipo de habitacion: yrtytr'),
(814,	2,	'1678320458',	'::1',	'Borrar tipo de habitacion: 149'),
(815,	2,	'1678320470',	'::1',	'Agregar tipo de habitacion: ed'),
(816,	2,	'1678320473',	'::1',	'Borrar tipo de habitacion: 150'),
(817,	2,	'1678320492',	'::1',	'Agregar tipo de habitacion: wda'),
(818,	2,	'1678373054',	'::1',	'Borrar tipo de habitacion: 151'),
(819,	2,	'1678373948',	'::1',	'Agregar tipo de habitacion: nombre 1'),
(820,	2,	'1678373997',	'::1',	'Editar tipo de habitacion: 152'),
(821,	2,	'1678374410',	'::1',	'Agregar tipo de habitacion: tipo de habitacion'),
(822,	2,	'1678374430',	'::1',	'Editar tipo de habitacion: 153'),
(823,	2,	'1678374463',	'::1',	'Borrar tipo de habitacion: 153'),
(824,	2,	'1678375857',	'::1',	'Editar tipo de habitacion: '),
(825,	2,	'1678375897',	'::1',	'Editar tipo de habitacion: '),
(826,	2,	'1678376001',	'::1',	'Editar tipo de habitacion: 152'),
(827,	2,	'1678376126',	'::1',	'Editar tipo de habitacion: 152'),
(828,	2,	'1678376139',	'::1',	'Editar tipo de habitacion: 152'),
(829,	2,	'1678376252',	'::1',	'Editar tipo de habitacion: 152'),
(830,	2,	'1678376284',	'::1',	'Editar tipo de habitacion: 152'),
(831,	2,	'1678376411',	'::1',	'Editar tipo de habitacion: 152'),
(832,	2,	'1678376517',	'::1',	'Editar tipo de habitacion: 152'),
(833,	2,	'1678376626',	'::1',	'Borrar tipo de habitacion: 152'),
(834,	2,	'1678376633',	'::1',	'Agregar tipo de habitacion: WDA'),
(835,	2,	'1678376664',	'::1',	'Borrar tipo de habitacion: 154'),
(836,	2,	'1678376683',	'::1',	'Agregar tipo de habitacion: nombre'),
(837,	2,	'1678376722',	'::1',	'Agregar tipo de habitacion: WW'),
(838,	2,	'1678376787',	'::1',	'Borrar tipo de habitacion: 156'),
(839,	2,	'1678376790',	'::1',	'Borrar tipo de habitacion: 155'),
(840,	2,	'1678376795',	'::1',	'Agregar tipo de habitacion: nombre'),
(841,	2,	'1678376870',	'::1',	'Editar tipo de habitacion: 1'),
(842,	2,	'1678376898',	'::1',	'Editar tipo de habitacion: 1'),
(843,	2,	'1678376949',	'::1',	'Agregar tipo de habitacion: awd'),
(844,	2,	'1678377051',	'::1',	'Borrar tipo de habitacion: 158'),
(845,	2,	'1678377054',	'::1',	'Borrar tipo de habitacion: 157'),
(846,	2,	'1678377062',	'::1',	'Agregar tipo de habitacion: nombre'),
(847,	2,	'1678377193',	'::1',	'Borrar tipo de habitacion: 159'),
(848,	2,	'1678377211',	'::1',	'Agregar tipo de habitacion: 789'),
(849,	2,	'1678377430',	'::1',	'Borrar tipo de habitacion: 160'),
(850,	2,	'1678377436',	'::1',	'Agregar tipo de habitacion: awd'),
(851,	2,	'1678377458',	'::1',	'Borrar tipo de habitacion: 161'),
(852,	2,	'1678377469',	'::1',	'Agregar tipo de habitacion: awd'),
(853,	2,	'1678377503',	'::1',	'Agregar tipo de habitacion: awd'),
(854,	2,	'1678377714',	'::1',	'Borrar tipo de habitacion: 162'),
(855,	2,	'1678377716',	'::1',	'Borrar tipo de habitacion: 163'),
(856,	2,	'1678377742',	'::1',	'Agregar tipo de habitacion: nombre'),
(857,	2,	'1678377764',	'::1',	'Agregar tipo de habitacion: 123'),
(858,	2,	'1678377782',	'::1',	'Agregar tipo de habitacion: we'),
(859,	0,	'1678377808',	'::1',	'Editar tipo de habitacion: '),
(860,	2,	'1678377821',	'::1',	'Editar tipo de habitacion: 165'),
(861,	2,	'1678377829',	'::1',	'Editar tipo de habitacion: 165'),
(862,	2,	'1678377832',	'::1',	'Borrar tipo de habitacion: 165'),
(863,	2,	'1678377835',	'::1',	'Borrar tipo de habitacion: 166'),
(864,	2,	'1678377838',	'::1',	'Borrar tipo de habitacion: 164'),
(865,	2,	'1678377863',	'::1',	'Agregar tipo de habitacion: '),
(866,	2,	'1678377891',	'::1',	'Borrar tipo de habitacion: 167'),
(867,	2,	'1678378337',	'::1',	'Agregar tipo de habitacion: nombre'),
(868,	2,	'1678378581',	'::1',	'Agregar tipo de habitacion: '),
(869,	2,	'1678378615',	'::1',	'Borrar tipo de habitacion: 169'),
(870,	2,	'1678378675',	'::1',	'Agregar tipo de habitacion: '),
(871,	2,	'1678378770',	'::1',	'Borrar tipo de habitacion: 170'),
(872,	2,	'1678378874',	'::1',	'Agregar tipo de habitacion: w'),
(873,	2,	'1678378890',	'::1',	'Agregar tipo de habitacion: awd'),
(874,	2,	'1678378907',	'::1',	'Agregar tipo de habitacion: ada'),
(875,	2,	'1678378914',	'::1',	'Borrar tipo de habitacion: 171'),
(876,	2,	'1678378917',	'::1',	'Borrar tipo de habitacion: 173'),
(877,	2,	'1678378919',	'::1',	'Borrar tipo de habitacion: 172'),
(878,	2,	'1678378934',	'::1',	'Agregar tipo de habitacion: awdad'),
(879,	2,	'1678379484',	'::1',	'Agregar tipo de habitacion:  '),
(880,	2,	'1678379491',	'::1',	'Borrar tipo de habitacion: 175'),
(881,	2,	'1678379496',	'::1',	'Editar tipo de habitacion: 174'),
(882,	2,	'1678379583',	'::1',	'Agregar tipo de habitacion: sefsef'),
(883,	2,	'1678379588',	'::1',	'Borrar tipo de habitacion: 176'),
(884,	2,	'1678379591',	'::1',	'Borrar tipo de habitacion: 168'),
(885,	2,	'1678379594',	'::1',	'Borrar tipo de habitacion: 174'),
(886,	2,	'1678379600',	'::1',	'Agregar tipo de habitacion: nombre'),
(887,	2,	'1678379603',	'::1',	'Borrar tipo de habitacion: 177'),
(888,	2,	'1678379823',	'::1',	'Agregar tipo de habitacion: nombre'),
(889,	2,	'1678380409',	'::1',	'Borrar tipo de habitacion: 178'),
(890,	2,	'1678380415',	'::1',	'Agregar tipo de habitacion: nombre'),
(891,	2,	'1678380895',	'::1',	'Borrar tipo de habitacion: 179'),
(892,	2,	'1678380920',	'::1',	'Agregar tipo de habitacion: Tipo de habitacion'),
(893,	2,	'1678380942',	'::1',	'Editar tipo de habitacion: 180'),
(894,	2,	'1678380952',	'::1',	'Borrar tipo de habitacion: 180'),
(895,	2,	'1678381114',	'::1',	'Agregar tipo de habitacion: Torre'),
(896,	2,	'1678381720',	'::1',	'Editar tipo de habitacion: 1'),
(897,	2,	'1678381723',	'::1',	'Editar tipo de habitacion: 1'),
(898,	2,	'1678381733',	'::1',	'Editar tipo de habitacion: 1'),
(899,	2,	'1678381740',	'::1',	'Editar tipo de habitacion: 1'),
(900,	2,	'1678381797',	'::1',	'Editar tipo de habitacion: 1'),
(901,	2,	'1678381861',	'::1',	'Editar tipo de habitacion: 1'),
(902,	2,	'1678382406',	'::1',	'Agregar tipo de habitacion: Nombre'),
(903,	2,	'1678382487',	'::1',	'Editar tipo de habitacion: 182'),
(904,	2,	'1678382496',	'::1',	'Borrar tipo de habitacion: 182'),
(905,	2,	'1678382553',	'::1',	'Agregar tipo de habitacion: Nombre'),
(906,	2,	'1678382566',	'::1',	'Borrar tipo de habitacion: 183'),
(907,	2,	'1678382610',	'::1',	'Borrar tipo de habitacion: 181'),
(908,	2,	'1678391058',	'::1',	'Agregar tarifa hospedaje: rga'),
(909,	2,	'1678391158',	'::1',	'Agregar tarifa hospedaje: Nombre'),
(910,	2,	'1678391170',	'::1',	'Borrar tarifa hospedaje: 6'),
(911,	2,	'1678391189',	'::1',	'Borrar tarifa hospedaje: 5'),
(912,	0,	'1678397504',	'::1',	'Agregar tarifa hospedaje: Nombre'),
(913,	2,	'1678397545',	'::1',	'Agregar tarifa hospedaje: Nombre'),
(914,	2,	'1678397562',	'::1',	'Borrar tarifa hospedaje: 7'),
(915,	2,	'1678397564',	'::1',	'Borrar tarifa hospedaje: 8'),
(916,	2,	'1678398158',	'::1',	'Agregar tarifa hospedaje: Nombre'),
(917,	2,	'1678398316',	'::1',	'Agregar tarifa hospedaje: daw'),
(918,	2,	'1678398327',	'::1',	'Borrar tarifa hospedaje: 10'),
(919,	2,	'1678398329',	'::1',	'Borrar tarifa hospedaje: 9'),
(920,	2,	'1678398390',	'::1',	'Agregar tarifa hospedaje: nombre'),
(921,	2,	'1678398788',	'::1',	'Borrar tarifa hospedaje: 11'),
(922,	2,	'1678398795',	'::1',	'Agregar tarifa hospedaje: q'),
(923,	2,	'1678398863',	'::1',	'Agregar tarifa hospedaje: asd'),
(924,	2,	'1678398890',	'::1',	'Borrar tarifa hospedaje: 13'),
(925,	2,	'1678398891',	'::1',	'Borrar tarifa hospedaje: 12'),
(926,	2,	'1678398912',	'::1',	'Agregar tarifa hospedaje: w'),
(927,	2,	'1678398941',	'::1',	'Borrar tarifa hospedaje: 14'),
(928,	2,	'1678398955',	'::1',	'Agregar tarifa hospedaje: dwa'),
(929,	2,	'1678399023',	'::1',	'Borrar tarifa hospedaje: 15'),
(930,	2,	'1678399029',	'::1',	'Agregar tarifa hospedaje: w'),
(931,	2,	'1678399129',	'::1',	'Agregar tarifa hospedaje: 2222'),
(932,	2,	'1678399317',	'::1',	'Borrar tarifa hospedaje: 17'),
(933,	2,	'1678399321',	'::1',	'Borrar tarifa hospedaje: 16'),
(934,	2,	'1678399341',	'::1',	'Agregar tarifa hospedaje: wda'),
(935,	2,	'1678399488',	'::1',	'Agregar tipo de habitacion: wa'),
(936,	2,	'1678399491',	'::1',	'Borrar tipo de habitacion: 184'),
(937,	2,	'1678399535',	'::1',	'Borrar tarifa hospedaje: 18'),
(938,	2,	'1678399543',	'::1',	'Agregar tarifa hospedaje: wae'),
(939,	2,	'1678399570',	'::1',	'Borrar tarifa hospedaje: 19'),
(940,	2,	'1678399579',	'::1',	'Agregar tarifa hospedaje: qweqwe'),
(941,	2,	'1678399709',	'::1',	'Borrar tarifa hospedaje: 20'),
(942,	2,	'1678399722',	'::1',	'Agregar tarifa hospedaje: erter'),
(943,	2,	'1678399755',	'::1',	'Borrar tarifa hospedaje: 21'),
(944,	2,	'1678399773',	'::1',	'Agregar tarifa hospedaje: nombre'),
(945,	2,	'1678399958',	'::1',	'Agregar tarifa hospedaje: sss'),
(946,	2,	'1678399975',	'::1',	'Agregar tarifa hospedaje: www'),
(947,	2,	'1678400108',	'::1',	'Borrar tarifa hospedaje: 23'),
(948,	2,	'1678400110',	'::1',	'Borrar tarifa hospedaje: 22'),
(949,	2,	'1678400113',	'::1',	'Borrar tarifa hospedaje: 24'),
(950,	2,	'1678400127',	'::1',	'Agregar tarifa hospedaje: asdfsd'),
(951,	2,	'1678400232',	'::1',	'Agregar tarifa hospedaje: awda'),
(952,	2,	'1678400237',	'::1',	'Borrar tarifa hospedaje: 25'),
(953,	2,	'1678400239',	'::1',	'Borrar tarifa hospedaje: 26'),
(954,	2,	'1678400519',	'::1',	'Agregar tarifa hospedaje: awd'),
(955,	2,	'1678400607',	'::1',	'Borrar tarifa hospedaje: 27'),
(956,	2,	'1678400617',	'::1',	'Agregar tarifa hospedaje: YUYVBUH'),
(957,	2,	'1678400625',	'::1',	'Agregar tipo de habitacion: EQ2E'),
(958,	2,	'1678400636',	'::1',	'Borrar tipo de habitacion: 185'),
(959,	2,	'1678400640',	'::1',	'Agregar tipo de habitacion: Q2E'),
(960,	2,	'1678400674',	'::1',	'Agregar tarifa hospedaje: W'),
(961,	2,	'1678400698',	'::1',	'Borrar tarifa hospedaje: 28'),
(962,	2,	'1678400701',	'::1',	'Borrar tarifa hospedaje: 29'),
(963,	2,	'1678400767',	'::1',	'Agregar tarifa hospedaje: QWEQWE'),
(964,	2,	'1678400911',	'::1',	'Agregar tarifa hospedaje: qwe'),
(965,	2,	'1678400923',	'::1',	'Borrar tarifa hospedaje: 30'),
(966,	2,	'1678401011',	'::1',	'Borrar tarifa hospedaje: 31'),
(967,	2,	'1678401157',	'::1',	'Agregar tarifa hospedaje: wwwww'),
(968,	2,	'1678403062',	'::1',	'Agregar tipo de habitacion: qqwqq'),
(969,	2,	'1678403065',	'::1',	'Borrar tipo de habitacion: 187'),
(970,	2,	'1678403348',	'::1',	'Editar tarifa hospedaje: 2'),
(971,	2,	'1678403356',	'::1',	'Editar tarifa hospedaje: 2'),
(972,	2,	'1678403381',	'::1',	'Editar tarifa hospedaje: 32'),
(973,	2,	'1678403445',	'::1',	'Editar tarifa hospedaje: 32'),
(974,	2,	'1678404987',	'::1',	'Agregar tarifa hospedaje: www'),
(975,	2,	'1678405184',	'::1',	'Borrar tarifa hospedaje: 33'),
(976,	2,	'1678405185',	'::1',	'Borrar tarifa hospedaje: 32'),
(977,	2,	'1678405202',	'::1',	'Agregar tarifa hospedaje: Nombre'),
(978,	2,	'1678405220',	'::1',	'Agregar tarifa hospedaje: Nombre2'),
(979,	2,	'1678405843',	'::1',	'Editar tarifa hospedaje: '),
(980,	2,	'1678405857',	'::1',	'Editar tarifa hospedaje: '),
(981,	2,	'1678406015',	'::1',	'Editar tarifa hospedaje: 35'),
(982,	2,	'1678406057',	'::1',	'Agregar tarifa hospedaje: w'),
(983,	2,	'1678406066',	'::1',	'Borrar tarifa hospedaje: 36'),
(984,	2,	'1678406068',	'::1',	'Borrar tarifa hospedaje: 35'),
(985,	2,	'1678406120',	'::1',	'Editar tarifa hospedaje: 34'),
(986,	2,	'1678406140',	'::1',	'Editar tarifa hospedaje: 34'),
(987,	2,	'1678406159',	'::1',	'Editar tarifa hospedaje: '),
(988,	2,	'1678406219',	'::1',	'Editar tarifa hospedaje: 34'),
(989,	2,	'1678406224',	'::1',	'Editar tarifa hospedaje: 34'),
(990,	2,	'1678406352',	'::1',	'Editar tarifa hospedaje: 34'),
(991,	2,	'1678406408',	'::1',	'Borrar tarifa hospedaje: 34'),
(992,	2,	'1678406421',	'::1',	'Agregar tarifa hospedaje: qew'),
(993,	2,	'1678407438',	'::1',	'Borrar tarifa hospedaje: 37'),
(994,	2,	'1678408030',	'::1',	'Agregar tarifa hospedaje: sef'),
(995,	2,	'1678408195',	'::1',	'Borrar tarifa hospedaje: 38'),
(996,	2,	'1678408322',	'::1',	'Agregar tipo de habitacion: 3445'),
(997,	2,	'1678408326',	'::1',	'Editar tipo de habitacion: 188'),
(998,	2,	'1678408330',	'::1',	'Borrar tipo de habitacion: 188'),
(999,	2,	'1678408338',	'::1',	'Editar tarifa hospedaje: 2'),
(1000,	2,	'1678408348',	'::1',	'Editar tarifa hospedaje: 2'),
(1001,	2,	'1678408362',	'::1',	'Agregar tarifa hospedaje: t4'),
(1002,	2,	'1678408373',	'::1',	'Borrar tarifa hospedaje: 39'),
(1003,	2,	'1678459687',	'::1',	'Editar tarifa hospedaje: 2'),
(1004,	2,	'1678459693',	'::1',	'Editar tarifa hospedaje: 2'),
(1005,	2,	'1678459699',	'::1',	'Editar tarifa hospedaje: 2'),
(1006,	2,	'1678460108',	'::1',	'Agregar tarifa hospedaje: 56'),
(1007,	2,	'1678460356',	'::1',	'Editar tarifa hospedaje: 40'),
(1008,	2,	'1678460369',	'::1',	'Agregar tarifa hospedaje: ww'),
(1009,	2,	'1678460585',	'::1',	'Agregar tarifa hospedaje: w'),
(1010,	2,	'1678460623',	'::1',	'Borrar tarifa hospedaje: 40'),
(1011,	2,	'1678460626',	'::1',	'Borrar tarifa hospedaje: 42'),
(1012,	2,	'1678460628',	'::1',	'Borrar tarifa hospedaje: 41'),
(1013,	2,	'1678460735',	'::1',	'Agregar tarifa hospedaje: sqs'),
(1014,	2,	'1678460832',	'::1',	'Agregar tarifa hospedaje: W'),
(1015,	2,	'1678460880',	'::1',	'Agregar tarifa hospedaje: DDDD'),
(1016,	2,	'1678461046',	'::1',	'Borrar tarifa hospedaje: 45'),
(1017,	2,	'1678461050',	'::1',	'Borrar tarifa hospedaje: 2'),
(1018,	2,	'1678461053',	'::1',	'Borrar tarifa hospedaje: 43'),
(1019,	2,	'1678461056',	'::1',	'Borrar tarifa hospedaje: 44'),
(1020,	2,	'1678461213',	'::1',	'Agregar tarifa hospedaje: 23'),
(1021,	2,	'1678461258',	'::1',	'Borrar tipo de habitacion: 186'),
(1022,	2,	'1678461273',	'::1',	'Agregar tipo de habitacion: Torre'),
(1023,	2,	'1678461279',	'::1',	'Editar tipo de habitacion: 189'),
(1024,	2,	'1678461288',	'::1',	'Borrar tarifa hospedaje: 46'),
(1025,	2,	'1678461375',	'::1',	'Agregar tarifa hospedaje: 213'),
(1026,	2,	'1678461415',	'::1',	'Agregar tarifa hospedaje: ser'),
(1027,	2,	'1678461680',	'::1',	'Agregar tarifa hospedaje: w'),
(1028,	2,	'1678462022',	'::1',	'Borrar tarifa hospedaje: 49'),
(1029,	2,	'1678462025',	'::1',	'Borrar tarifa hospedaje: 48'),
(1030,	2,	'1678462028',	'::1',	'Borrar tarifa hospedaje: 47'),
(1031,	2,	'1678462051',	'::1',	'Agregar tarifa hospedaje: es'),
(1032,	2,	'1678462098',	'::1',	'Agregar tarifa hospedaje: wa'),
(1033,	2,	'1678462253',	'::1',	'Agregar tarifa hospedaje: 3'),
(1034,	2,	'1678462378',	'::1',	'Agregar tarifa hospedaje: ww'),
(1035,	2,	'1678462468',	'::1',	'Agregar tarifa hospedaje: utyut'),
(1036,	2,	'1678462671',	'::1',	'Agregar tipo de habitacion: nombre'),
(1037,	2,	'1678462675',	'::1',	'Borrar tipo de habitacion: 190'),
(1038,	2,	'1678462698',	'::1',	'Agregar tipo de habitacion: 45'),
(1039,	2,	'1678462879',	'::1',	'Borrar tarifa hospedaje: 52'),
(1040,	2,	'1678462882',	'::1',	'Borrar tarifa hospedaje: 50'),
(1041,	2,	'1678462886',	'::1',	'Borrar tarifa hospedaje: 54'),
(1042,	2,	'1678462889',	'::1',	'Borrar tarifa hospedaje: 51'),
(1043,	2,	'1678462898',	'::1',	'Borrar tarifa hospedaje: 53'),
(1044,	2,	'1678462964',	'::1',	'Agregar tarifa hospedaje: Nombre'),
(1045,	2,	'1678463096',	'::1',	'Agregar tarifa hospedaje: Nombres'),
(1046,	2,	'1678463206',	'::1',	'Borrar tarifa hospedaje: 55'),
(1047,	2,	'1678463209',	'::1',	'Borrar tarifa hospedaje: 56'),
(1048,	2,	'1678463230',	'::1',	'Agregar tarifa hospedaje: nombre'),
(1049,	2,	'1678463504',	'::1',	'Agregar tarifa hospedaje: nombre1'),
(1050,	2,	'1678463674',	'::1',	'Agregar tarifa hospedaje: fse'),
(1051,	2,	'1678463712',	'::1',	'Borrar tarifa hospedaje: 59'),
(1052,	2,	'1678463716',	'::1',	'Borrar tarifa hospedaje: 58'),
(1053,	2,	'1678463719',	'::1',	'Borrar tarifa hospedaje: 57'),
(1054,	2,	'1678463730',	'::1',	'Agregar tarifa hospedaje: nombre'),
(1055,	2,	'1678463810',	'::1',	'Agregar tarifa hospedaje: wawe'),
(1056,	2,	'1678466301',	'::1',	'Agregar habitacion: sdsd'),
(1057,	2,	'1678466416',	'::1',	'Borrar habitacion: 27'),
(1058,	2,	'1678466424',	'::1',	'Borrar tipo de habitacion: 191'),
(1059,	2,	'1678466429',	'::1',	'Agregar tipo de habitacion: aw'),
(1060,	2,	'1678466440',	'::1',	'Editar tipo de habitacion: 192'),
(1061,	0,	'1678466976',	'::1',	'Agregar habitacion: '),
(1062,	2,	'1678467061',	'::1',	'Agregar habitacion: SSS'),
(1063,	2,	'1678467078',	'::1',	'Borrar habitacion: 29'),
(1064,	2,	'1678467084',	'::1',	'Agregar habitacion: W'),
(1065,	2,	'1678467139',	'::1',	'Agregar habitacion: wdawd'),
(1066,	2,	'1678467277',	'::1',	'Agregar tipo de habitacion: asda'),
(1067,	2,	'1678467289',	'::1',	'Editar tipo de habitacion: 193'),
(1068,	2,	'1678467303',	'::1',	'Borrar tipo de habitacion: 193'),
(1069,	2,	'1678467338',	'::1',	'Agregar tipo de habitacion: wda'),
(1070,	2,	'1678467359',	'::1',	'Agregar habitacion: awdawd'),
(1071,	2,	'1678467864',	'::1',	'Borrar habitacion: 31'),
(1072,	2,	'1678467866',	'::1',	'Borrar habitacion: 30'),
(1073,	2,	'1678467869',	'::1',	'Borrar habitacion: 32'),
(1074,	2,	'1678467874',	'::1',	'Agregar habitacion: 655'),
(1075,	2,	'1678468423',	'::1',	'Editar habitacion: 33'),
(1076,	2,	'1678469549',	'::1',	'Editar habitacion: 33'),
(1077,	2,	'1678469634',	'::1',	'Editar habitacion: 33'),
(1078,	2,	'1678469640',	'::1',	'Editar habitacion: 33'),
(1079,	2,	'1678469649',	'::1',	'Editar habitacion: 33'),
(1080,	2,	'1678471820',	'::1',	'Borrar habitacion: '),
(1081,	2,	'1678471870',	'::1',	'Borrar habitacion: 33'),
(1082,	2,	'1678471905',	'::1',	'Agregar habitacion: Numero'),
(1083,	2,	'1678472717',	'::1',	'Borrar tarifa hospedaje: 61'),
(1084,	2,	'1678472726',	'::1',	'Borrar habitacion: 34'),
(1085,	2,	'1678472905',	'::1',	'Agregar habitacion: Numero'),
(1086,	2,	'1678472918',	'::1',	'Editar habitacion: 35'),
(1087,	2,	'1678472921',	'::1',	'Borrar habitacion: 35'),
(1088,	2,	'1678477309',	'::1',	'Agregar tarifa hospedaje: erw'),
(1089,	2,	'1678477484',	'::1',	'Agregar tarifa hospedaje: qwe'),
(1090,	2,	'1678477784',	'::1',	'Borrar tarifa hospedaje: 63'),
(1091,	2,	'1678477788',	'::1',	'Borrar tarifa hospedaje: 62'),
(1092,	2,	'1678477799',	'::1',	'Agregar tarifa hospedaje: qwe'),
(1093,	2,	'1678478315',	'::1',	'Agregar tarifa hospedaje: qew'),
(1094,	2,	'1678478396',	'::1',	'Agregar habitacion: awdad'),
(1095,	2,	'1678478405',	'::1',	'Editar habitacion: 36'),
(1096,	2,	'1678478410',	'::1',	'Borrar habitacion: 36'),
(1097,	2,	'1678478451',	'::1',	'Agregar tarifa hospedaje: awdad'),
(1098,	2,	'1678478463',	'::1',	'Borrar tarifa hospedaje: 66'),
(1099,	2,	'1678478467',	'::1',	'Borrar tarifa hospedaje: 65'),
(1100,	2,	'1678478471',	'::1',	'Borrar tarifa hospedaje: 64'),
(1101,	2,	'1678478485',	'::1',	'Agregar tarifa hospedaje: ww'),
(1102,	2,	'1678478729',	'::1',	'Borrar tarifa hospedaje: 67'),
(1103,	2,	'1678478742',	'::1',	'Agregar tarifa hospedaje: Nombre'),
(1104,	2,	'1678482956',	'::1',	'Agregar tarifa hospedaje: ddd'),
(1105,	2,	'1678482988',	'::1',	'Borrar tarifa hospedaje: 60'),
(1106,	2,	'1678483004',	'::1',	'Borrar tarifa hospedaje: 69'),
(1107,	2,	'1678483016',	'::1',	'Agregar tarifa hospedaje: e'),
(1108,	2,	'1678483041',	'::1',	'Agregar tarifa hospedaje: erwer'),
(1109,	2,	'1678483077',	'::1',	'Agregar tarifa hospedaje: erwer'),
(1110,	2,	'1678483080',	'::1',	'Agregar tarifa hospedaje: erwer'),
(1111,	2,	'1678483094',	'::1',	'Borrar tarifa hospedaje: 72'),
(1112,	2,	'1678483097',	'::1',	'Borrar tarifa hospedaje: 70'),
(1113,	2,	'1678483100',	'::1',	'Borrar tarifa hospedaje: 71'),
(1114,	2,	'1678483105',	'::1',	'Editar tarifa hospedaje: 73'),
(1115,	2,	'1678483109',	'::1',	'Editar tarifa hospedaje: 73'),
(1116,	2,	'1678483114',	'::1',	'Borrar tarifa hospedaje: 73'),
(1117,	2,	'1678483122',	'::1',	'Borrar tipo de habitacion: 194'),
(1118,	2,	'1678483131',	'::1',	'Agregar tipo de habitacion: Nombre'),
(1119,	2,	'1678483147',	'::1',	'Editar tipo de habitacion: 192'),
(1120,	2,	'1678483152',	'::1',	'Borrar tipo de habitacion: 192'),
(1121,	2,	'1678483174',	'::1',	'Agregar habitacion: Numero'),
(1122,	2,	'1678483192',	'::1',	'Editar habitacion: 37'),
(1123,	2,	'1678483198',	'::1',	'Borrar habitacion: 37'),
(1124,	2,	'1678483208',	'::1',	'Editar habitacion: 1'),
(1125,	2,	'1678484135',	'::1',	'Agregar tarifa hospedaje: Nombre'),
(1126,	2,	'1678484216',	'::1',	'Agregar tarifa hospedaje: NombreNombre'),
(1127,	2,	'1678484485',	'::1',	'Borrar tarifa hospedaje: 75'),
(1128,	2,	'1678484488',	'::1',	'Borrar tarifa hospedaje: 74'),
(1129,	2,	'1678484490',	'::1',	'Borrar tarifa hospedaje: 68'),
(1130,	2,	'1678484513',	'::1',	'Agregar tarifa hospedaje: Nombre'),
(1131,	2,	'1678484605',	'::1',	'Agregar tarifa hospedaje: NombreNombre'),
(1132,	2,	'1678486280',	'::1',	'Agregar tarifa hospedaje: NombreNombre'),
(1133,	2,	'1678486521',	'::1',	'Borrar tarifa hospedaje: 77'),
(1134,	2,	'1678486524',	'::1',	'Borrar tarifa hospedaje: 78'),
(1135,	2,	'1678487637',	'::1',	'Borrar tipo de habitacion: 195'),
(1136,	2,	'1678487664',	'::1',	'Agregar tipo de habitacion: Suite'),
(1137,	2,	'1678487680',	'::1',	'Agregar tipo de habitacion: Junior suite'),
(1138,	2,	'1678487693',	'::1',	'Agregar tipo de habitacion: Gran suite'),
(1139,	2,	'1678487715',	'::1',	'Agregar tipo de habitacion: Individuales'),
(1140,	2,	'1678487727',	'::1',	'Agregar tipo de habitacion: Cuádruples'),
(1141,	2,	'1678487738',	'::1',	'Agregar tipo de habitacion: Habitaciones matrimoniales'),
(1142,	2,	'1678487756',	'::1',	'Agregar tipo de habitacion: Habitaciones compartidas'),
(1143,	2,	'1678489880',	'::1',	'Agregar tarifa hospedaje: sef'),
(1144,	2,	'1678491714',	'::1',	'Agregar huesped: 31'),
(1145,	2,	'1678492981',	'::1',	'Borrar huesped: 31'),
(1146,	0,	'1678493019',	'::1',	'Agregar huesped: 32'),
(1147,	2,	'1678493124',	'::1',	'Agregar huesped: 33'),
(1148,	2,	'1678493173',	'::1',	'Agregar huesped: 34'),
(1149,	2,	'1678493209',	'::1',	'Borrar huesped: 32'),
(1150,	2,	'1678493255',	'::1',	'Borrar huesped: 33'),
(1151,	2,	'1678493262',	'::1',	'Borrar huesped: 34'),
(1152,	0,	'1678494395',	'::1',	'Agregar huesped: 35'),
(1153,	0,	'1678494432',	'::1',	'Agregar huesped: 36'),
(1154,	0,	'1678494937',	'::1',	'Agregar huesped: 37'),
(1155,	0,	'1678495033',	'::1',	'Agregar huesped: 38'),
(1156,	2,	'1678495230',	'::1',	'Borrar huesped: 35'),
(1157,	2,	'1678495233',	'::1',	'Borrar huesped: 36'),
(1158,	2,	'1678495236',	'::1',	'Borrar huesped: 37'),
(1159,	0,	'1678495257',	'::1',	'Agregar huesped: 39'),
(1160,	2,	'1678743712',	'::1',	'Inicio de session el usuario: 2'),
(1161,	0,	'1678744367',	'::1',	'Agregar huesped: 40'),
(1162,	0,	'1678744844',	'::1',	'Agregar huesped: 41'),
(1163,	2,	'1678745130',	'::1',	'Borrar huesped: 38'),
(1164,	2,	'1678745135',	'::1',	'Borrar huesped: 41'),
(1165,	0,	'1678745766',	'::1',	'Agregar huesped: 42'),
(1166,	2,	'1678745842',	'::1',	'Borrar huesped: 39'),
(1167,	0,	'1678746012',	'::1',	'Agregar huesped: 43'),
(1168,	2,	'1678746440',	'::1',	'Borrar huesped: 43'),
(1169,	0,	'1678746491',	'::1',	'Agregar huesped: 44'),
(1170,	0,	'1678746800',	'::1',	'Agregar huesped: 45'),
(1171,	2,	'1678747036',	'::1',	'Borrar huesped: 44'),
(1172,	2,	'1678747044',	'::1',	'Borrar huesped: 42'),
(1173,	2,	'1678747051',	'::1',	'Borrar huesped: 45'),
(1174,	0,	'1678747140',	'::1',	'Agregar huesped: 46'),
(1175,	0,	'1678747197',	'::1',	'Agregar huesped: 47'),
(1176,	2,	'1678747373',	'::1',	'Borrar huesped: 47'),
(1177,	2,	'1678747380',	'::1',	'Borrar huesped: 46'),
(1178,	0,	'1678747412',	'::1',	'Agregar huesped: 48'),
(1179,	2,	'1678747691',	'::1',	'Agregar huesped: 49'),
(1180,	2,	'1678749438',	'::1',	'Agregar huesped: 50'),
(1181,	2,	'1678751699',	'::1',	'Agregar huesped: 51'),
(1182,	2,	'1678752153',	'::1',	'Borrar huesped: 49'),
(1183,	2,	'1678752167',	'::1',	'Borrar huesped: 50'),
(1184,	2,	'1678752173',	'::1',	'Borrar huesped: 51'),
(1185,	2,	'1678752184',	'::1',	'Borrar huesped: 48'),
(1186,	2,	'1678752216',	'::1',	'Agregar huesped: 52'),
(1187,	2,	'1678752245',	'::1',	'Borrar huesped: 52'),
(1188,	2,	'1678752273',	'::1',	'Agregar huesped: 53'),
(1189,	2,	'1678752672',	'::1',	'Borrar huesped: 53'),
(1190,	0,	'1678752777',	'::1',	'Agregar huesped: 54'),
(1191,	2,	'1678752939',	'::1',	'Borrar huesped: 54'),
(1192,	0,	'1678752980',	'::1',	'Agregar huesped: 55'),
(1193,	2,	'1678753043',	'::1',	'Borrar huesped: 55'),
(1194,	2,	'1678753077',	'::1',	'Agregar huesped: 56'),
(1195,	2,	'1678753120',	'::1',	'Borrar huesped: 56'),
(1196,	2,	'1678753140',	'::1',	'Agregar huesped: 57'),
(1197,	2,	'1678753654',	'::1',	'Borrar huesped: 57'),
(1198,	2,	'1678753681',	'::1',	'Agregar huesped: 58'),
(1199,	2,	'1678753767',	'::1',	'Agregar huesped: 59'),
(1200,	2,	'1678753821',	'::1',	'Borrar huesped: 58'),
(1201,	2,	'1678753827',	'::1',	'Borrar huesped: 59'),
(1202,	2,	'1678753832',	'::1',	'Borrar huesped: 40'),
(1203,	2,	'1678753865',	'::1',	'Agregar huesped: 60'),
(1204,	2,	'1678753867',	'::1',	'Agregar huesped: 61'),
(1205,	2,	'1678753879',	'::1',	'Agregar huesped: 62'),
(1206,	2,	'1678753881',	'::1',	'Agregar huesped: 63'),
(1207,	2,	'1678753894',	'::1',	'Agregar huesped: 64'),
(1208,	2,	'1678805492',	'::1',	'Borrar huesped: 64'),
(1209,	2,	'1678805496',	'::1',	'Borrar huesped: 60'),
(1210,	2,	'1678805498',	'::1',	'Borrar huesped: 61'),
(1211,	2,	'1678805500',	'::1',	'Borrar huesped: 62'),
(1212,	2,	'1678805503',	'::1',	'Borrar huesped: 63'),
(1213,	2,	'1678806461',	'::1',	'Agregar huesped: 65'),
(1214,	2,	'1678810533',	'::1',	'Agregar tipo de habitacion: Nombre'),
(1215,	2,	'1678810553',	'::1',	'Editar tipo de habitacion: 203'),
(1216,	2,	'1678810565',	'::1',	'Borrar tipo de habitacion: 203'),
(1217,	2,	'1678813008',	'::1',	'Borrar huesped: 65'),
(1218,	2,	'1678813049',	'::1',	'Agregar huesped: 66'),
(1219,	2,	'1678902730',	'::1',	'Inicio de session el usuario: 2'),
(1220,	2,	'1678903462',	'192.168.2.194',	'Inicio de session el usuario: 2'),
(1221,	0,	'1678903820',	'192.168.2.194',	'Cambiar los colores del '),
(1222,	2,	'1678903820',	'192.168.2.194',	'Habitacion ocupada sucia: 3'),
(1223,	0,	'1678903841',	'192.168.2.194',	'Cambiar los colores del '),
(1224,	2,	'1678903841',	'192.168.2.194',	'Habitacion ocupada sucia: 5'),
(1225,	2,	'1678903861',	'192.168.2.194',	'Habitacion ocupada limpieza: 5'),
(1226,	2,	'1678904926',	'192.168.2.194',	'Editar tipo de habitacion: 200'),
(1227,	2,	'1678905004',	'192.168.2.194',	'Borrar tipo de habitacion: 200'),
(1228,	2,	'1678905191',	'192.168.2.194',	'Terminar hospedaje en habitacion: 3'),
(1229,	2,	'1678905317',	'192.168.2.194',	'Terminar estado sucio de la habitacion: 3'),
(1230,	2,	'1678905451',	'192.168.2.194',	'Agregar huesped: 67'),
(1231,	2,	'1678923524',	'::1',	'Inicio de session el usuario: 2'),
(1232,	2,	'1678925392',	'::1',	'Agregar habitacion: '),
(1233,	2,	'1678987900',	'::1',	'Agregar tipo de habitacion: aw'),
(1234,	2,	'1678987904',	'::1',	'Borrar tipo de habitacion: 204'),
(1235,	2,	'1678989879',	'::1',	'Agregar tipo de habitacion: Nombre'),
(1236,	2,	'1678989893',	'::1',	'Borrar tipo de habitacion: 205'),
(1237,	2,	'1678989909',	'::1',	'Agregar tipo de habitacion: NombreNombre'),
(1238,	2,	'1678989923',	'::1',	'Borrar tipo de habitacion: 206'),
(1239,	2,	'1679070184',	'::1',	'Agregar tipo de habitacion: a'),
(1240,	2,	'1679070417',	'::1',	'Agregar huesped: 68'),
(1241,	2,	'1679071287',	'::1',	'Agregar huesped: 69'),
(1242,	2,	'1679071454',	'::1',	'Agregar huesped: 70'),
(1243,	2,	'1679071472',	'::1',	'Agregar huesped: 71'),
(1244,	2,	'1679071512',	'::1',	'Borrar huesped: 71'),
(1245,	2,	'1679071516',	'::1',	'Borrar huesped: 68'),
(1246,	2,	'1679071522',	'::1',	'Borrar huesped: 66'),
(1247,	2,	'1679071527',	'::1',	'Borrar huesped: 70'),
(1248,	2,	'1679071539',	'::1',	'Borrar huesped: 67'),
(1249,	2,	'1679071569',	'::1',	'Agregar huesped: 72'),
(1250,	2,	'1679073350',	'::1',	'Borrar huesped: 72'),
(1251,	2,	'1679097433',	'::1',	'Inicio de session el usuario: 2'),
(1252,	2,	'1679097618',	'::1',	'Inicio de session el usuario: 2'),
(1253,	2,	'1679097668',	'::1',	'Inicio de session el usuario: 2'),
(1254,	2,	'1679097974',	'::1',	'Inicio de session el usuario: 2'),
(1255,	2,	'1679097989',	'::1',	'Inicio de session el usuario: 2'),
(1256,	2,	'1679098047',	'::1',	'Inicio de session el usuario: 2'),
(1257,	2,	'1679098078',	'::1',	'Inicio de session el usuario: 2'),
(1258,	2,	'1679098101',	'::1',	'Inicio de session el usuario: 2'),
(1259,	2,	'1679098144',	'::1',	'Inicio de session el usuario: 2'),
(1260,	2,	'1679098156',	'::1',	'Inicio de session el usuario: 2'),
(1261,	2,	'1679099284',	'::1',	'Inicio de session el usuario: 2'),
(1262,	2,	'1680014648',	'::1',	'Inicio de session el usuario: 2'),
(1263,	2,	'1680044696',	'::1',	'Inicio de session el usuario: 2'),
(1264,	2,	'1680044743',	'::1',	'Inicio de session el usuario: 2'),
(1265,	12,	'1680048946',	'::1',	'Inicio de session el usuario: 12'),
(1266,	2,	'1680101449',	'::1',	'Inicio de session el usuario: 2'),
(1267,	2,	'1680104105',	'::1',	'Inicio de session el usuario: 2'),
(1268,	2,	'1680113908',	'::1',	'Mantenimiento en habitacion: 7'),
(1269,	2,	'1680113920',	'::1',	'Terminar estado interno limpieza de la habitacion: 5'),
(1270,	2,	'1680113926',	'::1',	'Supervision en habitacion: 3');

CREATE TABLE `mesa` (
  `id` int(11) NOT NULL AUTO_INCREMENT,
  `nombre` varchar(256) DEFAULT NULL,
  `tipo` int(11) DEFAULT NULL,
  `mov` int(11) DEFAULT NULL,
  `comentario` varchar(256) DEFAULT NULL,
  `capacidad` int(11) DEFAULT NULL,
  `estado` int(11) DEFAULT NULL,
  `estado_mesa` int(11) DEFAULT NULL,
  PRIMARY KEY (`id`)
) ENGINE=InnoDB AUTO_INCREMENT=25 DEFAULT CHARSET=latin1 COLLATE=latin1_swedish_ci;

INSERT INTO `mesa` (`id`, `nombre`, `tipo`, `mov`, `comentario`, `capacidad`, `estado`, `estado_mesa`) VALUES
(1,	'1',	1,	7,	'Primera',	2,	0,	1),
(2,	'2',	1,	4,	'Segunda',	6,	0,	1),
(3,	'3',	1,	32,	'Tercero',	4,	0,	1),
(4,	'4',	1,	40,	'Cuarta',	4,	1,	1),
(5,	'5',	1,	38,	'Quinta',	8,	0,	1),
(6,	'6',	2,	6,	'Sexta',	2,	0,	1),
(7,	'7',	2,	13,	'Septima',	2,	0,	1),
(8,	'8',	2,	20,	'Octava',	4,	0,	1),
(9,	'9',	2,	0,	'Novena',	4,	0,	1),
(10,	'10',	2,	12,	'Decima',	6,	0,	1),
(11,	'11',	2,	21,	'Undecima ',	6,	0,	1),
(12,	'12',	2,	6,	'Duodecima ',	4,	0,	1),
(13,	'13',	2,	0,	'Decimotercera',	4,	0,	0),
(14,	'14',	2,	0,	'Decimocuarta',	4,	0,	0),
(15,	'15',	2,	0,	'Decimoquinta',	8,	0,	0),
(16,	'16',	2,	0,	'Decimosexta',	8,	0,	0),
(17,	'17',	2,	0,	'Decimoseptima',	12,	0,	0),
(18,	'18',	2,	0,	'Decimoctava',	4,	0,	0),
(19,	'19',	2,	0,	'Decimonovena',	4,	0,	0),
(20,	'20',	2,	0,	'Vigesima',	6,	0,	0),
(21,	'21',	2,	0,	'Vigesimaprimera',	6,	0,	0),
(22,	'22',	2,	0,	'Vigesimasegunda',	8,	0,	0),
(23,	'23',	2,	0,	'Vigesimatercera',	8,	0,	0),
(24,	'24',	2,	0,	'Vigesimacuarta',	4,	0,	0);

CREATE TABLE `movimiento` (
  `id` int(11) NOT NULL AUTO_INCREMENT,
  `id_hab` int(11) DEFAULT NULL,
  `id_huesped` int(11) DEFAULT NULL,
  `id_reservacion` int(11) DEFAULT NULL,
  `id_mesa` int(11) DEFAULT NULL,
  `personas` int(11) DEFAULT NULL,
  `inicio_hospedaje` int(11) DEFAULT NULL,
  `fin_hospedaje` int(11) DEFAULT NULL,
  `detalle_inicio` int(11) DEFAULT NULL,
  `detalle_fin` int(11) DEFAULT NULL,
  `detalle_manda` int(11) DEFAULT NULL,
  `detalle_realiza` int(11) DEFAULT NULL,
  `finalizado` int(11) DEFAULT NULL,
  `tarifa` varchar(256) DEFAULT NULL,
  `inicio_limpieza` int(11) DEFAULT NULL,
  `fin_limpieza` int(11) DEFAULT NULL,
  `persona_limpio` int(11) DEFAULT NULL,
  `liberacion` int(11) DEFAULT NULL,
  `motivo` varchar(256) DEFAULT NULL,
  `comentario` varchar(256) DEFAULT NULL,
  `estado_interno` varchar(256) DEFAULT NULL,
  PRIMARY KEY (`id`)
) ENGINE=InnoDB AUTO_INCREMENT=59 DEFAULT CHARSET=utf8 COLLATE=utf8_spanish_ci;

INSERT INTO `movimiento` (`id`, `id_hab`, `id_huesped`, `id_reservacion`, `id_mesa`, `personas`, `inicio_hospedaje`, `fin_hospedaje`, `detalle_inicio`, `detalle_fin`, `detalle_manda`, `detalle_realiza`, `finalizado`, `tarifa`, `inicio_limpieza`, `fin_limpieza`, `persona_limpio`, `liberacion`, `motivo`, `comentario`, `estado_interno`) VALUES
(1,	2,	2,	1,	0,	0,	1660021200,	1660194000,	1660065109,	1660604608,	2,	0,	1660604604,	'1',	0,	0,	0,	1660604608,	'reservar',	'',	'sin estado'),
(2,	1,	4,	2,	0,	0,	1660021200,	1660280400,	1660065273,	1660604591,	2,	0,	1660604587,	'1',	0,	0,	0,	1660604591,	'reservar',	'',	'sin estado'),
(3,	0,	0,	0,	1,	2,	0,	0,	1660068992,	0,	2,	2,	0,	'0',	0,	0,	0,	0,	'asignar mesa',	'',	'sin estado'),
(4,	0,	0,	0,	12,	4,	0,	0,	1660069019,	0,	2,	2,	0,	'0',	0,	0,	0,	0,	'asignar mesa',	'',	'sin estado'),
(5,	24,	3,	3,	0,	0,	1660021200,	1660107600,	1660069550,	1660604614,	2,	0,	1660604611,	'2',	0,	0,	0,	1660604614,	'reservar',	'',	'sin estado'),
(6,	0,	0,	0,	12,	2,	0,	0,	1660602899,	0,	2,	2,	0,	'0',	0,	0,	0,	0,	'asignar mesa',	'',	'sin estado'),
(7,	0,	0,	0,	1,	4,	0,	0,	1660602933,	0,	2,	2,	0,	'0',	0,	0,	0,	0,	'asignar mesa',	'',	'sin estado'),
(8,	1,	4,	1,	0,	0,	1660626000,	1660885200,	1660672962,	1660747419,	2,	0,	1660747415,	'1',	0,	0,	0,	1660747420,	'reservar',	'',	'sin estado'),
(9,	24,	3,	2,	0,	0,	1660626000,	1660712400,	1660673909,	1661798270,	2,	0,	1660747424,	'2',	0,	0,	0,	1661798270,	'reservar',	'',	'sin estado'),
(10,	2,	9,	3,	0,	0,	1660798800,	1660885200,	1660859790,	0,	2,	0,	1661798277,	'1',	1661798280,	1661798296,	5,	1661798296,	'reservar',	'',	'sin estado'),
(11,	4,	9,	4,	0,	0,	1661490000,	1661662800,	1661533330,	1667252099,	2,	0,	1662387583,	'1',	0,	0,	0,	1667252099,	'reservar',	'',	'sin estado'),
(12,	2,	5,	7,	0,	0,	1661749200,	1661835600,	1661809182,	0,	2,	0,	1662387589,	'1',	0,	0,	0,	0,	'reservar',	'',	'sin estado'),
(13,	0,	0,	0,	7,	4,	0,	0,	1661870105,	0,	2,	2,	0,	'0',	0,	0,	0,	0,	'asignar mesa',	'',	'sin estado'),
(14,	3,	10,	9,	0,	0,	1662354000,	1662526800,	1662389426,	0,	2,	0,	1662390336,	'1',	1662390828,	1662390974,	9,	1662390974,	'reservar',	'',	'sin estado'),
(15,	13,	4,	10,	0,	0,	1662354000,	1662440400,	1662391087,	0,	2,	0,	0,	'2',	0,	0,	0,	0,	'reservar',	'',	'sin estado'),
(16,	1,	3,	11,	0,	0,	1662354000,	1662526800,	1662391277,	0,	2,	0,	0,	'1',	0,	0,	0,	0,	'reservar',	'',	'sin estado'),
(17,	0,	0,	0,	3,	2,	0,	0,	1666896807,	0,	10,	10,	0,	'0',	0,	0,	0,	0,	'asignar mesa',	'',	'sin estado'),
(18,	15,	0,	0,	0,	0,	0,	0,	0,	0,	10,	0,	0,	'0',	1666898508,	1666898518,	9,	1666898518,	'limpiar',	'',	'sin estado'),
(19,	4,	0,	0,	0,	0,	0,	0,	0,	0,	10,	0,	0,	'0',	1666903110,	1666908196,	5,	1666908196,	'limpiar',	'',	'sin estado'),
(20,	15,	4,	12,	0,	0,	1666846800,	1667106000,	1666903986,	0,	1,	0,	0,	'2',	0,	0,	0,	0,	'reservar',	'',	'sin estado'),
(21,	16,	8,	13,	0,	0,	1666846800,	1667106000,	1666904036,	0,	1,	0,	0,	'2',	0,	0,	0,	0,	'reservar',	'',	'sin estado'),
(22,	26,	12,	14,	0,	0,	1667106000,	1667628000,	1666904424,	1666905462,	10,	0,	1666905455,	'3',	0,	0,	0,	1666905462,	'reservar',	'',	'sin estado'),
(23,	18,	15,	15,	0,	0,	1667019600,	1667196000,	1666905554,	1666969539,	10,	0,	1666969534,	'2',	0,	0,	0,	1666969539,	'reservar',	'',	'sin estado'),
(24,	19,	1,	16,	0,	0,	1667628000,	1668060000,	1666905704,	0,	10,	0,	0,	'2',	0,	0,	0,	0,	'reservar',	'',	'sin estado'),
(25,	26,	11,	17,	0,	0,	1668060000,	1668492000,	1666905985,	1666965148,	10,	0,	1666965140,	'3',	1666965122,	1666965136,	9,	1666965148,	'reservar',	'',	'sin estado'),
(26,	0,	0,	0,	5,	3,	0,	0,	1666906579,	0,	10,	10,	0,	'0',	0,	0,	0,	0,	'asignar mesa',	'',	'sin estado'),
(27,	0,	15,	18,	0,	0,	1667106000,	1667628000,	1666907059,	0,	10,	0,	0,	'1',	0,	0,	0,	0,	'reservar',	'',	'sin estado'),
(28,	20,	15,	19,	0,	0,	1667106000,	1667628000,	1666965291,	1666970056,	10,	0,	1666970049,	'2',	0,	0,	0,	1666970056,	'reservar',	'',	'sin estado'),
(29,	0,	16,	20,	0,	0,	1667455200,	1668060000,	1666965602,	0,	10,	0,	0,	'1',	0,	0,	0,	0,	'reservar',	'',	'sin estado'),
(30,	26,	20,	21,	0,	0,	1668060000,	1668924000,	1666969403,	1666970158,	10,	0,	1666970133,	'3',	0,	0,	0,	1666970158,	'reservar',	'',	'sin estado'),
(31,	5,	16,	20,	0,	0,	0,	0,	1678903841,	0,	2,	0,	0,	'1',	1678903861,	1680113920,	9,	0,	'reservar',	'',	'sin estado'),
(32,	0,	0,	0,	3,	2,	0,	0,	1666977337,	0,	10,	10,	0,	'0',	0,	0,	0,	0,	'asignar mesa',	'',	'sin estado'),
(33,	26,	27,	22,	0,	0,	1667106000,	1667368800,	1666978331,	1666979501,	10,	0,	1666979496,	'3',	0,	0,	0,	1666979501,	'reservar',	'',	'sin estado'),
(34,	0,	0,	0,	4,	2,	0,	0,	1666978529,	0,	10,	10,	0,	'0',	0,	0,	0,	0,	'asignar mesa',	'',	'sin estado'),
(35,	26,	28,	23,	0,	0,	1667019600,	1667196000,	1666980515,	1667243304,	10,	0,	1667243301,	'3',	0,	0,	0,	1667243304,	'reservar',	'',	'sin estado'),
(36,	0,	29,	24,	0,	0,	1667106000,	1668060000,	1666980731,	0,	10,	0,	0,	'3',	0,	0,	0,	0,	'reservar',	'',	'sin estado'),
(37,	25,	29,	24,	0,	0,	0,	0,	1666987469,	1667249107,	10,	0,	1667249103,	'3',	0,	0,	0,	1667249107,	'reservar',	'',	'sin estado'),
(38,	0,	0,	0,	5,	2,	0,	0,	1666988610,	0,	10,	10,	0,	'0',	0,	0,	0,	0,	'asignar mesa',	'',	'sin estado'),
(39,	0,	0,	0,	4,	2,	0,	0,	1666993686,	0,	10,	10,	0,	'0',	0,	0,	0,	0,	'asignar mesa',	'',	'sin estado'),
(40,	0,	0,	0,	4,	2,	0,	0,	1667227862,	0,	10,	10,	0,	'0',	0,	0,	0,	0,	'asignar mesa',	'',	'sin estado'),
(41,	3,	18,	25,	0,	0,	1667196000,	1667368800,	1667243242,	1667243264,	10,	0,	1667243259,	'1',	0,	0,	0,	1667243264,	'reservar',	'',	'sin estado'),
(42,	26,	18,	26,	0,	0,	1667196000,	1667628000,	1667244507,	1667244526,	10,	0,	1667244522,	'3',	0,	0,	0,	1667244526,	'reservar',	'',	'sin estado'),
(43,	26,	18,	27,	0,	0,	1667196000,	1667628000,	1667245274,	1667245351,	10,	0,	1667245347,	'3',	0,	0,	0,	1667245351,	'reservar',	'',	'sin estado'),
(44,	26,	18,	28,	0,	0,	1667196000,	1667628000,	1667245853,	1667245872,	10,	0,	1667245868,	'3',	0,	0,	0,	1667245872,	'reservar',	'',	'sin estado'),
(45,	22,	26,	29,	0,	0,	1667455200,	1667628000,	1667246115,	1667246132,	10,	0,	1667246128,	'2',	0,	0,	0,	1667246132,	'reservar',	'',	'sin estado'),
(46,	26,	29,	30,	0,	0,	1667196000,	1667628000,	1667249436,	1667249465,	10,	0,	1667249461,	'3',	0,	0,	0,	1667249465,	'reservar',	'',	'sin estado'),
(47,	6,	29,	31,	0,	0,	1667196000,	1667628000,	1667252006,	0,	10,	0,	1667252176,	'2',	0,	0,	0,	0,	'reservar',	'',	'sin estado'),
(48,	26,	16,	32,	0,	0,	1667196000,	1667628000,	1667252952,	1667252963,	10,	0,	1667252958,	'3',	0,	0,	0,	1667252963,	'reservar',	'',	'sin estado'),
(49,	26,	16,	33,	0,	0,	1667196000,	1667628000,	1667258304,	1667258316,	10,	0,	1667258311,	'3',	0,	0,	0,	1667258316,	'reservar',	'',	'sin estado'),
(50,	26,	29,	34,	0,	0,	1667282400,	1667628000,	1667315949,	1667315990,	10,	0,	1667315985,	'3',	0,	0,	0,	1667315990,	'reservar',	'',	'sin estado'),
(51,	3,	18,	35,	0,	0,	1667628000,	1668060000,	1667325369,	1667325385,	10,	0,	1667325381,	'1',	0,	0,	0,	1667325385,	'reservar',	'',	'sin estado'),
(52,	3,	28,	36,	0,	0,	1667628000,	1668060000,	1667332432,	1667332446,	10,	0,	1667332442,	'1',	0,	0,	0,	1667332446,	'reservar',	'',	'sin estado'),
(53,	3,	28,	37,	0,	0,	1667628000,	1668060000,	1667332573,	1667332605,	10,	0,	1667332602,	'1',	0,	0,	0,	1667332605,	'reservar',	'',	'sin estado'),
(54,	3,	18,	38,	0,	0,	1667628000,	1668060000,	1667332744,	1667332753,	10,	0,	1667332750,	'1',	0,	0,	0,	1667332753,	'reservar',	'',	'sin estado'),
(55,	3,	2,	39,	0,	0,	1678255200,	1678341600,	1678903820,	1678905316,	2,	0,	1678905191,	'1',	0,	0,	0,	1678905317,	'reservar',	'',	'sin estado'),
(56,	4,	0,	0,	0,	0,	0,	0,	0,	0,	2,	0,	0,	'0',	1678210940,	0,	5,	0,	'limpiar',	'',	'sin estado'),
(57,	7,	0,	0,	0,	0,	0,	0,	1680113908,	0,	2,	6,	0,	'0',	0,	0,	0,	0,	'mantenimiento',	'',	'sin estado'),
(58,	3,	0,	0,	0,	0,	0,	0,	1680113925,	0,	2,	7,	0,	'0',	0,	0,	0,	0,	'supervisar',	'',	'sin estado');

CREATE TABLE `pago` (
  `id` int(11) NOT NULL AUTO_INCREMENT,
  `limite_pago` varchar(256) DEFAULT NULL,
  `estado` int(11) DEFAULT NULL,
  PRIMARY KEY (`id`)
) ENGINE=InnoDB AUTO_INCREMENT=8 DEFAULT CHARSET=utf8 COLLATE=utf8_spanish_ci;

INSERT INTO `pago` (`id`, `limite_pago`, `estado`) VALUES
(1,	'1 dia',	1),
(2,	'2 dias',	1),
(3,	'3 dias',	1),
(4,	'4 dias',	1),
(5,	'5 dias',	1),
(6,	'6 dias',	1),
(7,	'7 dias',	1);

CREATE TABLE `pedido` (
  `id` int(11) NOT NULL AUTO_INCREMENT,
  `mov` int(11) NOT NULL,
  `id_hab` int(11) NOT NULL,
  `id_mesa` int(11) NOT NULL,
  `tiempo` varchar(256) NOT NULL,
  `comentario` tinytext NOT NULL,
  `impreso` int(11) NOT NULL DEFAULT 0,
  `recepcion` varchar(256) NOT NULL,
  `estado` int(11) NOT NULL DEFAULT 0,
  PRIMARY KEY (`id`)
) ENGINE=InnoDB AUTO_INCREMENT=18 DEFAULT CHARSET=utf8 COLLATE=utf8_spanish_ci;

INSERT INTO `pedido` (`id`, `mov`, `id_hab`, `id_mesa`, `tiempo`, `comentario`, `impreso`, `recepcion`, `estado`) VALUES
(1,	0,	0,	0,	'2022-08-16 13:07',	'',	0,	'desarollo',	2),
(2,	9,	0,	24,	'2022-08-16 13:21',	'Cargo de cobro restaurante en habitacion: 24',	0,	'desarollo',	1),
(3,	0,	0,	0,	'2022-08-18 16:53',	'',	0,	'desarollo',	2),
(4,	10,	2,	0,	'2022-08-18 17:03',	'',	0,	'desarollo',	2),
(5,	10,	0,	2,	'2022-08-18 17:04',	'Cargo de cobro restaurante en habitacion: 2',	0,	'desarollo',	1),
(6,	13,	0,	7,	'2022-08-30 09:37',	'Sin chile',	0,	'desarollo',	2),
(7,	14,	0,	3,	'2022-09-05 09:56',	'Cargo de cobro restaurante en habitacion: 3',	0,	'desarollo',	1),
(8,	23,	0,	18,	'2022-10-27 16:23',	'Cargo de cobro restaurante en habitacion: 18',	0,	'michelle',	2),
(9,	17,	0,	3,	'2022-10-27 16:28',	'ninguno',	0,	'michelle',	2),
(10,	26,	0,	5,	'2022-10-27 16:37',	'ninguno',	0,	'michelle',	2),
(11,	32,	0,	3,	'2022-10-28 12:33',	'ninguno',	0,	'michelle',	2),
(12,	34,	25,	4,	'2022-10-28 12:36',	'ninguno',	0,	'michelle',	2),
(13,	37,	0,	25,	'2022-10-28 15:07',	'Cargo de cobro restaurante en habitacion: 26',	0,	'michelle',	2),
(14,	35,	0,	26,	'2022-10-28 15:22',	'Cargo de cobro restaurante en habitacion: 25',	0,	'michelle',	2),
(15,	38,	0,	5,	'2022-10-28 15:23',	'ninguno',	0,	'michelle',	2),
(16,	39,	0,	4,	'2022-10-28 16:48',	'ninguno',	0,	'michelle',	2),
(17,	40,	0,	4,	'2022-10-31 08:52',	'ninguno',	0,	'michelle',	1);

CREATE TABLE `pedido_rest` (
  `id` int(11) NOT NULL AUTO_INCREMENT,
  `mov` int(11) DEFAULT NULL,
  `id_mesa` int(11) DEFAULT NULL,
  `id_producto` int(11) DEFAULT NULL,
  `cantidad` int(11) DEFAULT NULL,
  `pagado` int(11) DEFAULT NULL,
  `pedido` int(11) DEFAULT NULL,
  `estado` int(11) DEFAULT NULL,
  PRIMARY KEY (`id`)
) ENGINE=InnoDB AUTO_INCREMENT=76 DEFAULT CHARSET=utf8 COLLATE=utf8_spanish_ci;

INSERT INTO `pedido_rest` (`id`, `mov`, `id_mesa`, `id_producto`, `cantidad`, `pagado`, `pedido`, `estado`) VALUES
(1,	0,	0,	11,	1,	1,	1,	1),
(2,	0,	0,	15,	1,	1,	1,	1),
(3,	0,	0,	13,	1,	1,	1,	1),
(4,	9,	0,	3,	1,	3,	1,	1),
(5,	9,	0,	14,	1,	3,	1,	1),
(6,	9,	0,	8,	1,	3,	1,	1),
(7,	9,	0,	22,	1,	3,	1,	1),
(8,	0,	0,	25,	1,	1,	1,	1),
(9,	0,	0,	24,	1,	1,	1,	1),
(10,	10,	0,	19,	1,	3,	1,	1),
(11,	10,	0,	16,	1,	3,	1,	1),
(12,	10,	0,	21,	1,	3,	1,	1),
(13,	10,	0,	26,	1,	3,	1,	1),
(14,	13,	7,	25,	1,	1,	1,	1),
(15,	13,	7,	1,	1,	1,	1,	1),
(16,	13,	7,	12,	1,	1,	1,	1),
(17,	13,	7,	19,	1,	1,	1,	1),
(18,	13,	7,	-1,	1,	1,	1,	1),
(19,	13,	7,	16,	1,	1,	1,	1),
(20,	0,	0,	29,	1,	0,	0,	1),
(21,	14,	0,	7,	1,	3,	1,	1),
(22,	14,	0,	26,	1,	3,	1,	1),
(23,	14,	0,	21,	1,	3,	1,	1),
(24,	14,	0,	-1,	1,	3,	1,	1),
(25,	14,	0,	10,	1,	3,	1,	1),
(26,	15,	0,	4,	1,	0,	0,	1),
(27,	0,	0,	27,	1,	0,	0,	0),
(28,	0,	0,	26,	1,	0,	0,	0),
(29,	0,	0,	32,	1,	0,	0,	0),
(30,	0,	0,	-1,	1,	0,	0,	1),
(31,	0,	0,	2,	1,	0,	0,	0),
(32,	17,	3,	21,	1,	1,	1,	0),
(33,	17,	3,	11,	1,	1,	1,	0),
(34,	22,	0,	12,	1,	0,	0,	0),
(35,	22,	0,	26,	1,	0,	0,	0),
(36,	22,	0,	-1,	1,	0,	0,	1),
(37,	24,	0,	1,	1,	0,	0,	0),
(38,	24,	0,	3,	1,	0,	0,	0),
(39,	24,	0,	4,	1,	0,	0,	0),
(40,	23,	0,	5,	1,	3,	1,	1),
(41,	0,	0,	5,	1,	0,	0,	0),
(42,	0,	0,	4,	1,	0,	0,	0),
(43,	0,	0,	1,	1,	0,	0,	0),
(44,	17,	3,	1,	1,	1,	1,	1),
(45,	17,	3,	4,	1,	1,	1,	1),
(46,	17,	3,	5,	1,	1,	1,	1),
(47,	26,	5,	25,	1,	1,	1,	1),
(48,	26,	5,	30,	1,	1,	1,	1),
(49,	26,	5,	3,	1,	1,	1,	1),
(50,	26,	5,	19,	1,	1,	1,	1),
(51,	32,	3,	12,	1,	1,	1,	1),
(52,	32,	3,	13,	1,	1,	1,	1),
(53,	32,	3,	26,	1,	1,	1,	1),
(54,	34,	4,	2,	1,	3,	1,	1),
(55,	34,	4,	7,	1,	3,	1,	1),
(56,	34,	4,	5,	1,	3,	1,	1),
(57,	34,	4,	26,	1,	3,	1,	1),
(58,	37,	0,	25,	1,	3,	1,	1),
(59,	37,	0,	31,	1,	3,	1,	1),
(60,	37,	0,	12,	1,	3,	1,	1),
(61,	37,	0,	21,	1,	3,	1,	1),
(62,	37,	0,	4,	1,	3,	1,	1),
(63,	35,	0,	4,	1,	3,	1,	1),
(64,	35,	0,	1,	1,	3,	1,	1),
(65,	35,	0,	16,	1,	3,	1,	1),
(66,	35,	0,	4,	1,	0,	0,	1),
(67,	38,	5,	1,	1,	1,	1,	1),
(68,	38,	5,	4,	1,	1,	1,	1),
(69,	38,	5,	5,	1,	1,	1,	1),
(70,	39,	4,	1,	1,	1,	1,	1),
(71,	39,	4,	4,	1,	1,	1,	1),
(72,	39,	4,	5,	1,	1,	1,	1),
(73,	39,	4,	12,	1,	1,	1,	1),
(74,	40,	4,	2,	1,	0,	1,	1),
(75,	40,	4,	26,	1,	0,	1,	1);

CREATE TABLE `reservacion` (
  `id` int(11) NOT NULL AUTO_INCREMENT,
  `id_usuario` int(11) DEFAULT NULL,
  `id_huesped` int(11) DEFAULT NULL,
  `id_cuenta` int(11) DEFAULT NULL,
  `tipo_hab` int(11) DEFAULT NULL,
  `fecha_entrada` varchar(256) DEFAULT NULL,
  `fecha_salida` varchar(256) DEFAULT NULL,
  `noches` double DEFAULT NULL,
  `numero_hab` int(11) DEFAULT NULL,
  `precio_hospedaje` double DEFAULT NULL,
  `cantidad_hospedaje` int(11) DEFAULT NULL,
  `extra_adulto` double DEFAULT NULL,
  `extra_junior` double DEFAULT NULL,
  `extra_infantil` double DEFAULT NULL,
  `extra_menor` double DEFAULT NULL,
  `tarifa` int(11) DEFAULT NULL,
  `nombre_reserva` varchar(256) DEFAULT NULL,
  `acompanante` varchar(256) DEFAULT NULL,
  `forma_pago` int(11) DEFAULT NULL,
  `limite_pago` int(11) DEFAULT NULL,
  `suplementos` varchar(256) DEFAULT NULL,
  `total_suplementos` double DEFAULT NULL,
  `total_hab` double DEFAULT NULL,
  `forzar_tarifa` double DEFAULT NULL,
  `codigo_descuento` varchar(256) DEFAULT NULL,
  `descuento` double DEFAULT NULL,
  `total` double DEFAULT NULL,
  `total_pago` double DEFAULT NULL,
  `fecha_cancelacion` varchar(256) DEFAULT NULL,
  `nombre_cancela` varchar(256) DEFAULT NULL,
  `tipo_descuento` int(11) DEFAULT NULL,
  `estado` int(11) DEFAULT NULL,
  PRIMARY KEY (`id`)
) ENGINE=InnoDB AUTO_INCREMENT=40 DEFAULT CHARSET=utf8 COLLATE=utf8_spanish_ci;

INSERT INTO `reservacion` (`id`, `id_usuario`, `id_huesped`, `id_cuenta`, `tipo_hab`, `fecha_entrada`, `fecha_salida`, `noches`, `numero_hab`, `precio_hospedaje`, `cantidad_hospedaje`, `extra_adulto`, `extra_junior`, `extra_infantil`, `extra_menor`, `tarifa`, `nombre_reserva`, `acompanante`, `forma_pago`, `limite_pago`, `suplementos`, `total_suplementos`, `total_hab`, `forzar_tarifa`, `codigo_descuento`, `descuento`, `total`, `total_pago`, `fecha_cancelacion`, `nombre_cancela`, `tipo_descuento`, `estado`) VALUES
(1,	2,	4,	1,	1,	'1660626000',	'1660885200',	3,	1,	1000,	4,	0,	0,	0,	0,	1,	'Lui',	'',	3,	2,	'Desayuno',	1200,	3000,	0,	'',	0,	4200,	600,	'0',	'',	0,	2),
(2,	2,	3,	2,	2,	'1660626000',	'1660712400',	1,	1,	600,	2,	0,	0,	0,	0,	2,	'Ck',	'',	1,	1,	'',	0,	600,	0,	'',	0,	600,	0,	'0',	'',	0,	2),
(3,	2,	9,	4,	1,	'1660798800',	'1660885200',	1,	1,	1000,	4,	0,	0,	0,	0,	1,	'Mar',	'',	1,	1,	'',	0,	1000,	0,	'',	0,	1000,	700,	'0',	'',	0,	2),
(4,	2,	9,	6,	1,	'1661490000',	'1661662800',	2,	1,	1000,	4,	4,	0,	0,	0,	1,	'Rosa',	'',	1,	2,	'Todo incluido',	5000,	4000,	0,	'',	0,	9000,	4000,	'0',	'',	0,	2),
(5,	2,	9,	10,	1,	'1661749200',	'1661835600',	1,	1,	1000,	4,	0,	0,	0,	0,	1,	'Mar',	'',	3,	1,	'Alimentos',	400,	1000,	0,	'',	0,	1400,	600,	'0',	'',	0,	2),
(6,	2,	9,	11,	2,	'1661749200',	'1661835600',	1,	1,	600,	2,	0,	0,	0,	0,	2,	'mar',	'',	4,	1,	'AA',	100,	600,	0,	'',	0,	700,	500,	'0',	'',	0,	2),
(7,	2,	5,	12,	1,	'1661749200',	'1661835600',	1,	1,	1000,	4,	0,	0,	0,	0,	1,	'pau',	'',	1,	1,	'aa',	150,	1000,	0,	'',	0,	1150,	350,	'0',	'',	0,	2),
(8,	2,	3,	12,	2,	'1661749200',	'1661835600',	1,	1,	600,	2,	0,	0,	0,	0,	2,	'c',	'',	1,	1,	'',	0,	600,	0,	'',	0,	600,	400,	'0',	'',	0,	1),
(9,	2,	10,	13,	1,	'1662354000',	'1662526800',	2,	1,	1000,	4,	0,	0,	0,	0,	1,	'Mario',	'',	1,	1,	'Desayuno',	400,	2000,	2500,	'',	0,	2400,	1400,	'0',	'',	0,	2),
(10,	2,	4,	16,	2,	'1662354000',	'1662440400',	1,	1,	600,	2,	0,	0,	0,	0,	2,	'Luis',	'',	1,	1,	'',	0,	600,	0,	'',	0,	600,	0,	'0',	'',	0,	2),
(11,	2,	3,	17,	1,	'1662354000',	'1662526800',	2,	1,	1000,	4,	0,	0,	0,	0,	1,	'Claudia',	'',	1,	1,	'',	0,	2000,	0,	'',	0,	2000,	0,	'0',	'',	0,	2),
(12,	1,	4,	20,	2,	'1666846800',	'1667106000',	3,	1,	600,	2,	0,	0,	0,	0,	2,	'carlos',	'carlos',	2,	2,	'0',	0,	1800,	0,	'',	0,	1800,	500,	'0',	'',	0,	2),
(13,	1,	8,	21,	2,	'1666846800',	'1667106000',	3,	1,	600,	2,	0,	0,	0,	0,	2,	'carlos',	'carlos',	1,	5,	'0',	0,	1800,	0,	'0',	0,	1800,	500,	'0',	'',	0,	2),
(14,	10,	12,	26,	3,	'1667106000',	'1667628000',	6,	1,	1200,	4,	0,	0,	0,	0,	3,	'0',	'0',	1,	2,	'0',	0,	7200,	0,	'0',	0,	7200,	0,	'0',	'',	0,	2),
(15,	10,	15,	27,	2,	'1667019600',	'1667196000',	2,	1,	600,	2,	0,	0,	0,	0,	2,	'0',	'0',	1,	2,	'0',	0,	1200,	0,	'0',	0,	1200,	200,	'0',	'',	0,	2),
(16,	10,	1,	28,	2,	'1667628000',	'1668060000',	5,	1,	600,	2,	0,	0,	0,	0,	2,	'0',	'0',	1,	3,	'',	0,	3000,	0,	'0',	0,	3000,	100,	'0',	'',	0,	2),
(17,	10,	11,	30,	3,	'1668060000',	'1668492000',	5,	1,	1200,	4,	0,	0,	0,	0,	3,	'0',	'0',	1,	3,	'0',	0,	6000,	0,	'0',	0,	6000,	0,	'0',	'',	0,	2),
(18,	10,	15,	0,	1,	'1667106000',	'1667628000',	6,	20,	1000,	4,	0,	0,	0,	0,	1,	'0',	'0',	1,	3,	'0',	0,	120000,	0,	'0',	0,	120000,	0,	'0',	'',	0,	0),
(19,	10,	15,	38,	2,	'1667106000',	'1667628000',	6,	1,	600,	2,	0,	0,	0,	0,	2,	'0',	'0',	1,	3,	'0',	0,	3600,	0,	'0',	0,	3600,	300,	'0',	'',	0,	2),
(20,	10,	16,	42,	1,	'1667455200',	'1668060000',	7,	1,	1000,	4,	0,	0,	0,	0,	1,	'0',	'0',	1,	3,	'0',	0,	7000,	0,	'0',	0,	0,	500,	'0',	'',	0,	2),
(21,	10,	20,	40,	2,	'1668060000',	'1668924000',	10,	1,	600,	2,	0,	0,	0,	0,	2,	'0',	'0',	3,	3,	'0',	0,	6000,	0,	'0',	0,	0,	300,	'0',	'',	0,	2),
(22,	10,	27,	43,	3,	'1667106000',	'1667368800',	3,	1,	1200,	4,	0,	0,	0,	0,	3,	'0',	'0',	1,	2,	'0',	0,	3600,	0,	'0',	0,	3600,	0,	'0',	'',	0,	2),
(23,	10,	28,	45,	3,	'1667019600',	'1667196000',	2,	1,	1200,	4,	0,	0,	0,	0,	3,	'0',	'0',	1,	2,	'0',	0,	2400,	0,	'1245',	0,	2400,	0,	'0',	'',	0,	2),
(24,	10,	29,	46,	3,	'1667106000',	'1668060000',	11,	1,	1200,	4,	0,	0,	0,	0,	3,	'0',	'0',	1,	2,	'0',	0,	13200,	0,	'0',	0,	13200,	0,	'0',	'',	0,	2),
(25,	10,	18,	49,	1,	'1667196000',	'1667368800',	2,	1,	1000,	4,	0,	0,	0,	0,	1,	'0',	'0',	1,	2,	'0',	0,	2000,	0,	'0',	0,	2000,	0,	'0',	'',	0,	0),
(26,	10,	18,	51,	3,	'1667196000',	'1667628000',	5,	1,	1200,	4,	0,	0,	0,	0,	3,	'pepe ',	'1',	2,	2,	'2',	2,	6000,	1,	'1245',	10,	4861.8,	200,	'0',	'',	0,	0),
(27,	10,	18,	52,	3,	'1667196000',	'1667628000',	5,	1,	1200,	4,	1,	1,	1,	1,	3,	'casandra ',	'1',	2,	3,	'nuez ',	1,	8350,	3,	'1245',	20,	5344.8,	200,	'0',	'',	0,	0),
(28,	10,	18,	53,	3,	'1667196000',	'1667628000',	5,	1,	1200,	4,	2,	1,	1,	1,	3,	'casandra ',	'1',	2,	3,	'nuez ',	1,	9350,	10,	'1245',	5,	8439.33,	200,	'0',	'',	0,	0),
(29,	10,	26,	54,	2,	'1667455200',	'1667628000',	2,	1,	600,	2,	0,	0,	0,	0,	2,	'pepe ',	'1',	2,	3,	'nuez ',	1,	1200,	10,	'1245',	0,	1101,	100,	'0',	'',	0,	2),
(30,	10,	29,	56,	3,	'1667196000',	'1667628000',	5,	1,	1200,	4,	1,	0,	1,	1,	3,	'jennifer ',	'1',	2,	2,	'nuez ',	1,	7600,	2,	'1245',	50,	1900.5,	100,	'0',	'',	0,	2),
(31,	10,	29,	57,	2,	'1667196000',	'1667628000',	5,	1,	600,	2,	1,	0,	1,	1,	2,	'jennifer ',	'1',	2,	2,	'nuez ',	1,	3000,	0,	'1245',	30,	2030.7,	200,	'0',	'',	0,	2),
(32,	10,	16,	58,	3,	'1667196000',	'1667628000',	5,	1,	1200,	4,	1,	0,	0,	1,	3,	'jennifer ',	'0',	1,	2,	'0',	0,	7000,	0,	'1245',	0,	7000,	0,	'0',	'',	0,	2),
(33,	10,	16,	59,	3,	'1667196000',	'1667628000',	5,	1,	1200,	4,	1,	0,	0,	1,	3,	'pepe ',	'1',	2,	2,	'1',	1,	7000,	1,	'1245',	30,	4830.7,	200,	'0',	'',	0,	2),
(34,	10,	29,	60,	3,	'1667282400',	'1667628000',	4,	1,	1200,	4,	1,	1,	0,	1,	3,	'jennifer ',	'1',	2,	3,	'1',	1,	4800,	0,	'1245',	20,	3072.8,	0,	'0',	'',	0,	2),
(35,	10,	18,	61,	1,	'1667628000',	'1668060000',	5,	1,	1000,	4,	0,	0,	0,	0,	1,	'pepe ',	'',	2,	2,	'',	0,	5000,	0,	'',	0,	5000,	0,	'0',	'',	0,	2),
(36,	10,	28,	62,	1,	'1667628000',	'1668060000',	5,	1,	1000,	4,	0,	0,	0,	0,	1,	'pepe ',	'',	2,	2,	'',	0,	5000,	0,	'',	0,	5000,	0,	'0',	'',	0,	2),
(37,	10,	28,	63,	1,	'1667628000',	'1668060000',	5,	1,	1000,	4,	0,	0,	0,	0,	1,	'pepe ',	'',	2,	3,	'',	0,	5000,	0,	'',	0,	5000,	0,	'0',	'',	0,	2),
(38,	10,	18,	64,	1,	'1667628000',	'1668060000',	5,	1,	1000,	4,	0,	0,	0,	0,	1,	'jennifer ',	'',	2,	3,	'',	0,	5000,	0,	'',	0,	5000,	0,	'0',	'',	0,	2),
(39,	2,	2,	65,	1,	'1678255200',	'1678341600',	1,	1,	1000,	4,	1,	1,	0,	1,	1,	'Oscar	Martinez',	'1',	1,	2,	'',	0,	600,	1,	'',	0,	600,	600,	'0',	'',	0,	2);

CREATE TABLE `surtir` (
  `id` int(11) NOT NULL AUTO_INCREMENT,
  `id_reporte` int(11) NOT NULL,
  `fecha` varchar(256) NOT NULL,
  `fecha_surtido` varchar(256) NOT NULL,
  `producto` int(11) NOT NULL,
  `cantidad` int(11) NOT NULL,
  `estado` int(11) NOT NULL,
  PRIMARY KEY (`id`)
) ENGINE=InnoDB AUTO_INCREMENT=13 DEFAULT CHARSET=utf8 COLLATE=utf8_spanish_ci;

INSERT INTO `surtir` (`id`, `id_reporte`, `fecha`, `fecha_surtido`, `producto`, `cantidad`, `estado`) VALUES
(1,	0,	'1660070144',	'0',	-1,	22,	0),
(2,	1,	'1660070161',	'1660070171',	11,	5,	0),
(3,	1,	'1660070165',	'1660070171',	1,	12,	0),
(4,	1,	'1660070167',	'1660070172',	16,	13,	0),
(5,	0,	'1660603050',	'0',	3,	4,	1),
(6,	0,	'1660603053',	'0',	4,	13,	1),
(7,	0,	'1660603054',	'0',	25,	10,	1),
(8,	0,	'1660603056',	'0',	19,	10,	1),
(9,	0,	'1660603068',	'0',	17,	8,	1),
(10,	0,	'1660603070',	'0',	28,	6,	1),
(11,	0,	'1666896562',	'0',	8,	15,	1),
(12,	0,	'1666896588',	'0',	8,	1,	1);

CREATE TABLE `surtir_inventario` (
  `id` int(11) NOT NULL AUTO_INCREMENT,
  `id_usuario` int(11) DEFAULT NULL,
  `fecha` varchar(256) DEFAULT NULL,
  `cantidad_producto` int(11) DEFAULT NULL,
  `total_producto` int(11) DEFAULT NULL,
  `estado` int(11) DEFAULT NULL,
  PRIMARY KEY (`id`)
) ENGINE=InnoDB AUTO_INCREMENT=2 DEFAULT CHARSET=utf8 COLLATE=utf8_spanish_ci;

INSERT INTO `surtir_inventario` (`id`, `id_usuario`, `fecha`, `cantidad_producto`, `total_producto`, `estado`) VALUES
(1,	2,	'1660070172',	3,	30,	1);

CREATE TABLE `tarifa_hospedaje` (
  `id` int(11) NOT NULL AUTO_INCREMENT,
  `nombre` varchar(256) DEFAULT NULL,
  `precio_hospedaje` double DEFAULT NULL,
  `cantidad_hospedaje` int(11) DEFAULT NULL,
  `cantidad_maxima` int(11) DEFAULT NULL,
  `precio_adulto` double DEFAULT NULL,
  `precio_junior` double DEFAULT NULL,
  `precio_infantil` double DEFAULT NULL,
  `leyenda` varchar(256) DEFAULT NULL,
  `tipo` int(11) DEFAULT NULL,
  `estado` int(11) DEFAULT NULL,
  PRIMARY KEY (`id`)
) ENGINE=InnoDB AUTO_INCREMENT=80 DEFAULT CHARSET=utf8 COLLATE=utf8_spanish_ci;

INSERT INTO `tarifa_hospedaje` (`id`, `nombre`, `precio_hospedaje`, `cantidad_hospedaje`, `cantidad_maxima`, `precio_adulto`, `precio_junior`, `precio_infantil`, `leyenda`, `tipo`, `estado`) VALUES
(1,	'Doble',	1000,	4,	6,	250,	150,	100,	'1 menor de 9 años por habitación, excepto en SUITE, aplican restricciones',	1,	0),
(2,	'Simple4',	6004,	24,	34,	3004,	2004,	1004,	'1 menor de 9 años por habitación, excepto en SUITE, aplican restricciones',	1,	0),
(3,	'Triple',	1200,	4,	7,	200,	150,	120,	'1 menor de 9 años por habitación, excepto en SUITE, aplican restricciones',	3,	1),
(4,	'triple vip',	1500,	3,	5,	200,	100,	50,	'1 menor de 9 años por habitación, excepto en SUITE, aplican restricciones',	3,	0),
(5,	'rga',	2,	2,	2,	2,	2,	2,	'1 menor de 9 años por habitación, excepto en SUITE, aplican restricciones',	1,	0),
(6,	'Nombre',	1,	2,	3,	4,	5,	6,	'1 menor de 9 años por habitación, excepto en SUITE, aplican restricciones',	54,	0),
(7,	'Nombre',	1,	2,	3,	4,	5,	6,	'1 menor de 9 años por habitación, excepto en SUITE, aplican restricciones',	1,	0),
(8,	'Nombre',	1,	2,	3,	4,	5,	6,	'1 menor de 9 años por habitación, excepto en SUITE, aplican restricciones',	54,	0),
(9,	'Nombre',	1,	2,	3,	4,	5,	6,	'1 menor de 9 años por habitación, excepto en SUITE, aplican restricciones',	2,	0),
(10,	'daw',	2,	2,	2,	2,	2,	2,	'1 menor de 9 años por habitación, excepto en SUITE, aplican restricciones',	1,	0),
(11,	'nombre',	1,	2,	3,	4,	5,	6,	'1 menor de 9 años por habitación, excepto en SUITE, aplican restricciones',	54,	0),
(12,	'q',	2,	2,	2,	2,	2,	2,	'1 menor de 9 años por habitación, excepto en SUITE, aplican restricciones',	1,	0),
(13,	'asd',	2,	2,	2,	2,	1,	1,	'1 menor de 9 años por habitación, excepto en SUITE, aplican restricciones',	1,	0),
(14,	'w',	2,	2,	1,	3,	23,	2,	'1 menor de 9 años por habitación, excepto en SUITE, aplican restricciones',	54,	0),
(15,	'dwa',	1,	2,	3,	4,	5,	6,	'1 menor de 9 años por habitación, excepto en SUITE, aplican restricciones',	54,	0),
(16,	'w',	2,	2,	2,	2,	2,	2,	'1 menor de 9 años por habitación, excepto en SUITE, aplican restricciones',	2,	0),
(17,	'2222',	2,	2,	2,	2,	2,	2,	'1 menor de 9 años por habitación, excepto en SUITE, aplican restricciones',	54,	0),
(18,	'wda',	1,	2,	3,	4,	5,	6,	'1 menor de 9 años por habitación, excepto en SUITE, aplican restricciones',	54,	0),
(19,	'wae',	2,	2,	2,	2,	2,	2,	'1 menor de 9 años por habitación, excepto en SUITE, aplican restricciones',	54,	0),
(20,	'qweqwe',	1,	2,	3,	4,	5,	6,	'1 menor de 9 años por habitación, excepto en SUITE, aplican restricciones',	54,	0),
(21,	'erter',	1,	2,	3,	4,	5,	6,	'1 menor de 9 años por habitación, excepto en SUITE, aplican restricciones',	1,	0),
(22,	'nombre',	1,	2,	3,	4,	5,	6,	'1 menor de 9 años por habitación, excepto en SUITE, aplican restricciones',	1,	0),
(23,	'sss',	1,	1,	1,	1,	1,	1,	'1 menor de 9 años por habitación, excepto en SUITE, aplican restricciones',	1,	0),
(24,	'www',	1,	1,	1,	1,	1,	1,	'1 menor de 9 años por habitación, excepto en SUITE, aplican restricciones',	54,	0),
(25,	'asdfsd',	1,	1,	1,	1,	11,	1,	'1 menor de 9 años por habitación, excepto en SUITE, aplican restricciones',	1,	0),
(26,	'awda',	1,	1,	1,	1,	11,	1,	'1 menor de 9 años por habitación, excepto en SUITE, aplican restricciones',	1,	0),
(27,	'awd',	2,	2,	2,	2,	2,	2,	'1 menor de 9 años por habitación, excepto en SUITE, aplican restricciones',	1,	0),
(28,	'YUYVBUH',	2,	2,	2,	2,	2,	2,	'1 menor de 9 años por habitación, excepto en SUITE, aplican restricciones',	54,	0),
(29,	'W',	2,	2,	22,	22,	22,	22,	'1 menor de 9 años por habitación, excepto en SUITE, aplican restricciones',	1,	0),
(30,	'QWEQWE',	2,	2,	2,	2,	2,	2,	'1 menor de 9 años por habitación, excepto en SUITE, aplican restricciones',	1,	0),
(31,	'qwe',	2,	2,	2,	2,	2,	2,	'1 menor de 9 años por habitación, excepto en SUITE, aplican restricciones',	1,	0),
(32,	'wsss',	1,	1,	1,	1,	1,	1,	'1 menor de 9 años por habitación, excepto en SUITE, aplican restricciones',	186,	0),
(33,	'www',	1,	1,	1,	1,	1,	1,	'1 menor de 9 años por habitación, excepto en SUITE, aplican restricciones',	186,	0),
(34,	'Nombrew',	1,	2,	3,	4,	5,	6,	'1 menor de 9 años por habitación, excepto en SUITE, aplican restricciones',	1,	0),
(35,	'Nombre2awd',	11,	12,	13,	14,	15,	16,	'1 menor de 9 años por habitación, excepto en SUITE, aplican restricciones',	186,	0),
(36,	'w',	2,	2,	2,	2,	22,	2,	'1 menor de 9 años por habitación, excepto en SUITE, aplican restricciones',	1,	0),
(37,	'qew',	1,	2,	3,	4,	5,	6,	'1 menor de 9 años por habitación, excepto en SUITE, aplican restricciones',	1,	0),
(38,	'sef',	3,	3,	3,	3,	3,	3,	'1 menor de 9 años por habitación, excepto en SUITE, aplican restricciones',	186,	0),
(39,	't4',	4,	4,	44,	4,	4,	44,	'1 menor de 9 años por habitación, excepto en SUITE, aplican restricciones',	1,	0),
(40,	'56www',	56,	56,	56,	56,	56,	56,	'56',	54,	0),
(41,	'ww',	1,	123,	213,	23,	1312,	12,	'222',	186,	0),
(42,	'w',	1,	1,	1,	1,	1,	1,	'01',	1,	0),
(43,	'sqs',	12,	12,	12,	12,	12,	21,	'1 menor de 9 años por habitación, excepto en SUITE, aplican restricciones',	186,	0),
(44,	'W',	1,	1,	1,	1,	1,	1,	'1 menor de 9 años por habitación, excepto en SUITE, aplican restricciones',	186,	0),
(45,	'DDDD',	2,	23,	34,	23,	4,	2,	'1 menor de 9 años por habitación, excepto en SUITE, aplican restricciones',	2,	0),
(46,	'23',	123,	12,	12,	12,	12,	21,	'1 menor de 9 años por habitación, excepto en SUITE, aplican restricciones',	1,	0),
(47,	'213',	12,	12,	12,	12,	12,	12,	'1 menor de 9 años por habitación, excepto en SUITE, aplican restricciones',	1,	0),
(48,	'ser',	23,	32,	23,	32,	23,	32,	'1 menor de 9 años por habitación, excepto en SUITE, aplican restricciones',	189,	0),
(49,	'w',	12,	12,	21,	21,	12,	12,	'1 menor de 9 años por habitación, excepto en SUITE, aplican restricciones',	1,	0),
(50,	'es',	3,	3,	3,	3,	3,	3,	'1 menor de 9 años por habitación, excepto en SUITE, aplican restricciones',	54,	0),
(51,	'wa',	3,	3,	3,	3,	3,	3,	'1 menor de 9 años por habitación, excepto en SUITE, aplican restricciones',	54,	0),
(52,	'3',	3,	3,	3,	3,	3,	3,	'1 menor de 9 años por habitación, excepto en SUITE, aplican restricciones',	54,	0),
(53,	'ww',	3,	3,	3,	3,	3,	3,	'1 menor de 9 años por habitación, excepto en SUITE, aplican restricciones',	54,	0),
(54,	'utyut',	6,	6,	6,	6,	6,	6,	'1 menor de 9 años por habitación, excepto en SUITE, aplican restricciones',	1,	0),
(55,	'Nombre',	1,	2,	3,	4,	5,	6,	'1 menor de 9 años por habitación, excepto en SUITE, aplican restricciones',	189,	0),
(56,	'Nombres',	1,	2,	3,	4,	5,	6,	'1 menor de 9 años por habitación, excepto en SUITE, aplican restricciones',	54,	0),
(57,	'nombre',	1,	2,	3,	4,	5,	6,	'1 menor de 9 años por habitación, excepto en SUITE, aplican restricciones',	1,	0),
(58,	'nombre1',	1,	2,	3,	4,	5,	6,	'1 menor de 9 años por habitación, excepto en SUITE, aplican restricciones',	191,	0),
(59,	'fse',	2,	23,	3,	2,	2,	1,	'1 menor de 9 años por habitación, excepto en SUITE, aplican restricciones',	191,	0),
(60,	'nombre',	1,	2,	3,	4,	5,	6,	'1 menor de 9 años por habitación, excepto en SUITE, aplican restricciones',	1,	0),
(61,	'wawe',	1,	2,	3,	4,	5,	6,	'1 menor de 9 años por habitación, excepto en SUITE, aplican restricciones',	2,	0),
(62,	'erw',	1,	2,	3,	4,	5,	6,	'1 menor de 9 años por habitación, excepto en SUITE, aplican restricciones',	192,	0),
(63,	'qwe',	1,	2,	3,	4,	5,	6,	'1 menor de 9 años por habitación, excepto en SUITE, aplican restricciones',	1,	0),
(64,	'qwe',	1,	2,	3,	4,	5,	6,	'1 menor de 9 años por habitación, excepto en SUITE, aplican restricciones',	1,	0),
(65,	'qew',	1,	2,	3,	4,	4,	5,	'1 menor de 9 años por habitación, excepto en SUITE, aplican restricciones',	192,	0),
(66,	'awdad',	2,	2,	2,	2,	2,	2,	'1 menor de 9 años por habitación, excepto en SUITE, aplican restricciones',	2,	0),
(67,	'ww',	2,	1,	3,	4,	5,	6,	'1 menor de 9 años por habitación, excepto en SUITE, aplican restricciones',	192,	0),
(68,	'Nombre',	1,	2,	3,	4,	5,	6,	'1 menor de 9 años por habitación, excepto en SUITE, aplican restricciones',	54,	0),
(69,	'ddd',	1,	2,	3,	4,	5,	6,	'1 menor de 9 años por habitación, excepto en SUITE, aplican restricciones',	192,	0),
(70,	'e',	1,	2,	3,	4,	5,	6,	'1 menor de 9 años por habitación, excepto en SUITE, aplican restricciones',	192,	0),
(71,	'erwer',	1,	2,	3,	4,	5,	6,	'1 menor de 9 años por habitación, excepto en SUITE, aplican restricciones',	54,	0),
(72,	'erwer',	1,	2,	3,	4,	5,	6,	'1 menor de 9 años por habitación, excepto en SUITE, aplican restricciones',	54,	0),
(73,	'eeee',	1,	2,	3,	4,	5,	6,	'1 menor de 9 años por habitación, excepto en SUITE, aplican restricciones',	54,	0),
(74,	'Nombre',	1,	2,	3,	4,	5,	6,	'1 menor de 9 años por habitación, excepto en SUITE, aplican restricciones',	195,	0),
(75,	'NombreNombre',	1,	2,	3,	4,	5,	6,	'1 menor de 9 años por habitación, excepto en SUITE, aplican restricciones',	195,	0),
(76,	'Nombre',	1,	2,	3,	4,	5,	6,	'1 menor de 9 años por habitación, excepto en SUITE, aplican restricciones',	195,	1),
(77,	'NombreNombre',	1,	2,	3,	4,	5,	6,	'1 menor de 9 años por habitación, excepto en SUITE, aplican restricciones',	54,	0),
(78,	'NombreNombre',	1,	2,	3,	4,	5,	6,	'1 menor de 9 años por habitación, excepto en SUITE, aplican restricciones',	54,	0),
(79,	'sef',	3,	3,	3,	4,	4,	3,	'1 menor de 9 años por habitación, excepto en SUITE, aplican restricciones',	202,	1);

CREATE TABLE `ticket` (
  `id` int(11) NOT NULL AUTO_INCREMENT,
  `etiqueta` int(11) DEFAULT NULL,
  `mov` int(11) DEFAULT NULL,
  `id_hab` int(11) DEFAULT NULL,
  `id_mesa` int(11) DEFAULT NULL,
  `corte` int(11) DEFAULT NULL,
  `fecha` varchar(256) DEFAULT NULL,
  `tiempo` varchar(256) DEFAULT NULL,
  `id_usuario` int(11) DEFAULT NULL,
  `forma_pago` int(11) DEFAULT NULL,
  `total` double DEFAULT NULL,
  `pago` double DEFAULT NULL,
  `cambio` double DEFAULT NULL,
  `monto` double DEFAULT NULL,
  `descuento` double DEFAULT NULL,
  `total_descuento` double DEFAULT NULL,
  `facturado` int(11) DEFAULT NULL,
  `baucher` varchar(256) DEFAULT NULL,
  `comentario` varchar(256) DEFAULT NULL,
  `impreso` int(11) DEFAULT NULL,
  `resta` int(11) DEFAULT NULL,
  `comanda` int(11) DEFAULT NULL,
  `estado` int(11) DEFAULT NULL,
  PRIMARY KEY (`id`)
) ENGINE=InnoDB AUTO_INCREMENT=69 DEFAULT CHARSET=utf8 COLLATE=utf8_spanish_ci;

INSERT INTO `ticket` (`id`, `etiqueta`, `mov`, `id_hab`, `id_mesa`, `corte`, `fecha`, `tiempo`, `id_usuario`, `forma_pago`, `total`, `pago`, `cambio`, `monto`, `descuento`, `total_descuento`, `facturado`, `baucher`, `comentario`, `impreso`, `resta`, `comanda`, `estado`) VALUES
(1,	0,	1,	2,	0,	0,	'2022-08-09 12:11',	'1660065109',	2,	3,	1500,	0,	0,	1500,	0,	0,	0,	'',	'',	0,	1,	0,	2),
(2,	1,	2,	1,	0,	0,	'2022-08-09 12:14',	'1660065273',	2,	4,	1200,	0,	0,	1200,	0,	0,	0,	'',	'',	0,	1,	0,	2),
(3,	2,	0,	0,	0,	0,	'2022-08-09 12:28',	'1660066125',	2,	3,	80,	80,	0,	80,	0,	0,	0,	'',	'',	0,	1,	1,	2),
(4,	3,	3,	0,	1,	0,	'2022-08-09 13:16',	'1660069014',	2,	1,	55,	0,	0,	0,	0,	0,	0,	'',	'  con credencial qw324',	0,	1,	2,	2),
(5,	4,	4,	0,	12,	0,	'2022-08-09 13:17',	'1660069066',	2,	2,	200,	200,	0,	100,	0,	0,	1,	'588952',	'',	0,	1,	3,	2),
(6,	5,	2,	1,	0,	0,	'2022-08-09 13:18',	'1660069124',	2,	1,	400,	400,	0,	0,	0,	0,	0,	'',	'',	0,	1,	0,	2),
(7,	6,	1,	2,	0,	0,	'2022-08-09 13:19',	'1660069172',	2,	1,	130,	200,	70,	0,	0,	0,	0,	'',	'',	0,	1,	4,	2),
(8,	7,	5,	24,	0,	0,	'2022-08-09 13:25',	'1660069550',	2,	2,	400,	0,	0,	400,	0,	0,	1,	'',	'',	0,	1,	0,	2),
(9,	8,	0,	0,	0,	0,	'2022-08-10 10:30',	'1660145402',	2,	1,	190,	250,	60,	0,	0,	0,	0,	'',	'',	0,	1,	5,	2),
(10,	9,	0,	0,	0,	0,	'2022-08-10 12:58',	'1660154339',	2,	4,	145,	145,	0,	145,	0,	0,	0,	'',	'',	0,	1,	6,	2),
(11,	10,	2,	1,	0,	0,	'2022-08-12 10:49',	'1660319391',	2,	1,	1000,	1000,	0,	0,	0,	0,	0,	'',	'',	0,	1,	0,	2),
(12,	11,	2,	1,	0,	0,	'2022-08-12 10:50',	'1660319429',	2,	3,	295,	295,	0,	295,	0,	0,	0,	'',	'',	0,	1,	7,	2),
(13,	12,	0,	0,	0,	0,	'2022-08-12 10:51',	'1660319517',	2,	1,	85,	800,	715,	0,	0,	0,	0,	'',	'',	0,	1,	8,	2),
(14,	13,	1,	2,	0,	1,	'2022-08-12 11:27',	'1660321629',	2,	4,	500,	0,	0,	500,	0,	0,	0,	'',	'',	0,	1,	9,	2),
(15,	14,	0,	0,	0,	1,	'2022-08-12 11:27',	'1660321663',	2,	1,	175,	500,	325,	0,	0,	0,	0,	'',	'',	0,	1,	9,	2),
(16,	15,	0,	0,	0,	1,	'2022-08-12 11:58',	'1660323532',	2,	1,	845,	1000,	155,	0,	0,	0,	0,	'',	'',	0,	1,	10,	2),
(17,	16,	5,	24,	0,	1,	'2022-08-12 12:00',	'1660323647',	2,	2,	427,	427,	0,	427,	0,	0,	1,	'8585kjmko',	'',	0,	1,	11,	2),
(18,	17,	5,	24,	0,	2,	'2022-08-15 15:44',	'1660596279',	2,	3,	1000,	0,	0,	1000,	0,	0,	0,	'',	'',	0,	1,	48,	2),
(19,	18,	0,	0,	0,	2,	'2022-08-15 15:45',	'1660596338',	2,	2,	300,	300,	0,	300,	0,	0,	1,	'15',	'',	0,	1,	12,	2),
(20,	19,	1,	2,	0,	2,	'2022-08-15 15:46',	'1660596383',	2,	1,	205,	500,	295,	0,	0,	0,	0,	'',	'',	0,	1,	13,	2),
(21,	20,	6,	0,	12,	0,	'2022-08-15 17:36',	'1660602966',	2,	2,	225,	225,	0,	225,	0,	0,	1,	'555',	'',	0,	1,	14,	2),
(22,	21,	5,	24,	0,	0,	'2022-08-15 17:36',	'1660603012',	2,	4,	50,	50,	0,	50,	50,	50,	0,	'',	'',	0,	1,	16,	2),
(23,	0,	8,	1,	0,	3,	'2022-08-16 13:02',	'1660672962',	2,	3,	600,	0,	0,	600,	0,	0,	0,	'',	'',	0,	1,	0,	2),
(24,	1,	0,	0,	0,	3,	'2022-08-16 13:07',	'1660673274',	2,	4,	155,	155,	0,	155,	0,	0,	0,	'',	'',	0,	1,	1,	2),
(25,	2,	9,	24,	0,	3,	'2022-08-16 13:21',	'1660674064',	2,	1,	325,	0,	0,	0,	0,	0,	0,	'',	'Cargo de cobro restaurante en habitacion: 24',	0,	1,	2,	2),
(26,	3,	0,	0,	0,	4,	'2022-08-18 16:53',	'1660859603',	2,	3,	130,	130,	0,	130,	0,	0,	0,	'',	'',	0,	1,	3,	2),
(27,	4,	10,	2,	0,	4,	'2022-08-18 16:56',	'1660859790',	2,	1,	700,	700,	0,	0,	0,	0,	0,	'',	'',	0,	1,	0,	2),
(28,	5,	10,	2,	0,	4,	'2022-08-18 17:03',	'1660860205',	2,	2,	32,	32,	0,	32,	0,	0,	1,	'4856',	'',	0,	1,	4,	2),
(29,	6,	10,	2,	0,	4,	'2022-08-18 17:04',	'1660860240',	2,	1,	50,	0,	0,	0,	0,	0,	0,	'',	'Cargo de cobro restaurante en habitacion: 2',	0,	1,	5,	2),
(30,	7,	11,	4,	0,	5,	'2022-08-26 12:02',	'1661533330',	2,	1,	4000,	4000,	0,	0,	0,	0,	0,	'',	'Pago al reservar',	0,	1,	0,	2),
(31,	8,	11,	4,	0,	5,	'2022-08-26 12:03',	'1661533433',	2,	2,	600,	0,	0,	600,	0,	0,	1,	'',	'',	0,	1,	0,	2),
(32,	9,	11,	4,	0,	5,	'2022-08-29 13:37',	'1661798246',	2,	1,	400,	400,	0,	0,	0,	0,	0,	'',	'',	0,	1,	0,	2),
(33,	12,	12,	2,	0,	0,	'2022-08-29 16:39',	'1661809182',	2,	1,	350,	350,	0,	0,	0,	0,	0,	'',	'Pago al reservar',	0,	1,	0,	0),
(34,	14,	13,	0,	7,	0,	'2022-08-30 09:38',	'1661870292',	2,	2,	187,	187,	0,	187,	0,	0,	1,	'uu',	'',	0,	1,	6,	1),
(35,	15,	14,	3,	0,	0,	'2022-09-05 09:46',	'1662389169',	2,	1,	1400,	1400,	0,	0,	0,	0,	0,	'',	'Pago al reservar',	0,	1,	0,	0),
(36,	16,	14,	3,	0,	0,	'2022-09-05 09:56',	'1662389775',	2,	1,	115,	0,	0,	0,	0,	0,	0,	'',	'Cargo de cobro restaurante en habitacion: 3',	0,	1,	7,	1),
(37,	17,	14,	3,	0,	0,	'2022-09-05 10:05',	'1662390319',	2,	3,	1615,	0,	0,	1615,	0,	0,	0,	'',	'',	0,	1,	25,	0),
(38,	18,	20,	15,	0,	0,	'2022-10-27 15:53',	'1666903987',	1,	2,	500,	0,	0,	500,	0,	0,	1,	'',	'Pago al reservar',	0,	1,	0,	0),
(39,	19,	21,	16,	0,	0,	'2022-10-27 15:53',	'1666904036',	1,	1,	500,	500,	0,	0,	0,	0,	0,	'',	'Pago al reservar',	0,	1,	0,	0),
(40,	20,	23,	18,	0,	0,	'2022-10-27 16:19',	'1666905554',	10,	1,	200,	200,	0,	0,	0,	0,	0,	'',	'Pago al reservar',	0,	1,	0,	0),
(41,	21,	24,	19,	0,	0,	'2022-10-27 16:21',	'1666905704',	10,	1,	100,	100,	0,	0,	0,	0,	0,	'',	'Pago al reservar',	0,	1,	0,	0),
(42,	22,	23,	18,	0,	0,	'2022-10-27 16:23',	'1666905781',	10,	1,	50,	0,	0,	0,	0,	0,	0,	'',	'Cargo de cobro restaurante en habitacion: 18',	0,	1,	8,	1),
(43,	23,	17,	0,	3,	0,	'2022-10-27 16:35',	'1666906520',	10,	1,	100,	200,	100,	0,	0,	0,	0,	'',	'',	0,	1,	9,	1),
(44,	24,	26,	0,	5,	0,	'2022-10-27 16:38',	'1666906703',	10,	1,	282,	300,	18,	0,	0,	0,	0,	'',	'',	0,	1,	10,	1),
(45,	25,	23,	18,	0,	0,	'2022-10-27 17:00',	'1666908049',	10,	1,	450,	450,	0,	0,	0,	0,	0,	'',	'',	0,	1,	40,	0),
(46,	26,	23,	18,	0,	0,	'2022-10-27 17:04',	'1666908277',	10,	1,	100,	100,	0,	0,	0,	0,	0,	'',	'',	0,	1,	40,	0),
(47,	27,	23,	18,	0,	0,	'2022-10-27 17:12',	'1666908742',	10,	1,	100,	100,	0,	0,	0,	0,	0,	'',	'',	0,	1,	40,	0),
(48,	28,	23,	18,	0,	0,	'2022-10-27 17:16',	'1666909008',	10,	1,	500,	500,	0,	0,	0,	0,	0,	'',	'',	0,	1,	40,	0),
(49,	29,	28,	20,	0,	0,	'2022-10-28 08:54',	'1666965291',	10,	1,	300,	300,	0,	0,	0,	0,	0,	'',	'Pago al reservar',	0,	1,	0,	0),
(50,	30,	29,	0,	0,	0,	'2022-10-28 09:00',	'1666965602',	10,	1,	500,	500,	0,	0,	0,	0,	0,	'',	'Pago al reservar',	0,	1,	0,	0),
(51,	31,	30,	26,	0,	0,	'2022-10-28 10:03',	'1666969403',	10,	1,	300,	300,	0,	0,	0,	0,	0,	'',	'Pago al reservar',	0,	1,	0,	0),
(52,	32,	23,	18,	0,	0,	'2022-10-28 10:05',	'1666969515',	10,	1,	650,	650,	0,	0,	0,	0,	0,	'',	'',	0,	1,	40,	0),
(53,	33,	32,	0,	3,	0,	'2022-10-28 12:34',	'1666978466',	10,	1,	165,	200,	35,	0,	0,	0,	0,	'',	'',	0,	1,	11,	1),
(54,	34,	34,	0,	4,	0,	'2022-10-28 12:48',	'1666979304',	10,	1,	155,	0,	0,	0,	0,	0,	0,	'',	'  con credencial 5245215121524512',	0,	1,	12,	1),
(55,	35,	37,	25,	0,	0,	'2022-10-28 15:07',	'1666987641',	10,	1,	220,	0,	0,	0,	0,	0,	0,	'',	'Cargo de cobro restaurante en habitacion: 26',	0,	1,	13,	1),
(56,	36,	35,	26,	0,	0,	'2022-10-28 15:22',	'1666988552',	10,	1,	60,	0,	0,	0,	0,	0,	0,	'',	'Cargo de cobro restaurante en habitacion: 25',	0,	1,	14,	1),
(57,	37,	38,	0,	5,	0,	'2022-10-28 16:40',	'1666993256',	10,	1,	100,	100,	0,	0,	0,	0,	0,	'',	'ninguno',	0,	1,	15,	1),
(58,	38,	39,	0,	4,	0,	'2022-10-28 16:49',	'1666993773',	10,	1,	175,	200,	25,	0,	0,	0,	0,	'',	'ninguno',	0,	1,	16,	1),
(59,	39,	40,	0,	4,	0,	'2022-10-31 08:52',	'1667227927',	10,	1,	0,	0,	0,	0,	0,	0,	0,	'',	'ninguno',	1,	1,	17,	0),
(60,	40,	35,	26,	0,	0,	'2022-10-31 13:08',	'1667243292',	10,	1,	60,	60,	0,	0,	0,	0,	0,	'',	'',	0,	1,	66,	0),
(61,	41,	42,	26,	0,	0,	'2022-10-31 13:28',	'1667244507',	10,	2,	200,	0,	0,	200,	0,	10,	1,	'',	'Pago al reservar',	0,	1,	0,	0),
(62,	42,	43,	26,	0,	0,	'2022-10-31 13:41',	'1667245274',	10,	2,	200,	0,	0,	200,	0,	20,	1,	'',	'Pago al reservar',	0,	1,	0,	0),
(63,	43,	44,	26,	0,	0,	'2022-10-31 13:50',	'1667245854',	10,	2,	200,	0,	0,	200,	0,	5,	1,	'',	'Pago al reservar',	0,	1,	0,	0),
(64,	44,	45,	22,	0,	0,	'2022-10-31 13:55',	'1667246115',	10,	2,	100,	0,	0,	100,	0,	0,	1,	'',	'Pago al reservar',	0,	1,	0,	0),
(65,	45,	37,	25,	0,	0,	'2022-10-31 14:44',	'1667249094',	10,	1,	220,	220,	0,	0,	0,	0,	0,	'',	'',	0,	1,	62,	0),
(66,	46,	46,	26,	0,	0,	'2022-10-31 14:50',	'1667249436',	10,	2,	100,	0,	0,	100,	0,	50,	1,	'',	'Pago al reservar',	0,	1,	0,	0),
(67,	47,	47,	6,	0,	0,	'2022-10-31 15:33',	'1667252006',	10,	2,	200,	0,	0,	200,	0,	30,	1,	'',	'Pago al reservar',	0,	1,	0,	0),
(68,	48,	49,	26,	0,	0,	'2022-10-31 17:18',	'1667258304',	10,	2,	200,	0,	0,	200,	0,	30,	1,	'',	'Pago al reservar',	0,	1,	0,	0);

CREATE TABLE `tipo_hab` (
  `id` int(11) NOT NULL AUTO_INCREMENT,
  `nombre` varchar(256) DEFAULT NULL,
  `codigo` varchar(256) DEFAULT NULL,
  `estado` int(11) DEFAULT NULL,
  PRIMARY KEY (`id`)
) ENGINE=InnoDB AUTO_INCREMENT=208 DEFAULT CHARSET=latin1 COLLATE=latin1_swedish_ci;

INSERT INTO `tipo_hab` (`id`, `nombre`, `codigo`, `estado`) VALUES
(1,	'Doble',	'13e57e83d5bca1edb6c1',	1),
(2,	'Simple',	'2b7d3fb11e235d3d1908',	1),
(3,	'Triple',	'202022',	0),
(4,	'Hola mundo',	'123',	0),
(5,	'wd',	'awd',	0),
(6,	'wda',	'awd',	0),
(7,	'wad',	'',	0),
(8,	'e4t',	'',	0),
(9,	'prueba',	'',	0),
(10,	'wd',	'',	0),
(11,	'sefsf',	'',	0),
(12,	'dadd',	'',	0),
(13,	'adawdad',	'',	0),
(14,	'',	'',	0),
(15,	'',	'',	0),
(16,	'',	'',	0),
(17,	'awda',	'awdad',	0),
(18,	'Prueba 1',	'Prueba 2',	0),
(19,	'awda',	'awdad',	0),
(20,	'bbbb',	'bbbbb',	0),
(21,	'zzzzz',	'zzzzz',	0),
(22,	'xxxx',	'xxxx',	0),
(23,	'zzz',	'zzzzzz',	0),
(24,	'wada',	'adawd',	0),
(25,	'weqwe',	'qewqwe',	0),
(26,	'453',	'345354',	0),
(27,	'',	'',	0),
(28,	'awda',	'wdad',	0),
(29,	'sef',	'sefsf',	0),
(30,	'Ultima prueba',	'Ultima prueba',	0),
(31,	'awd',	'awd',	0),
(32,	'wd',	'awd',	0),
(33,	'Prueba final final',	'Prueba final final',	0),
(34,	'awdad',	'adawd',	0),
(35,	'nombre',	'codigo',	0),
(36,	'08-03-2022',	'08-03-2022',	0),
(37,	'2',	'2',	0),
(38,	'Nombre',	'awdadsdfsf23123',	0),
(39,	'awd',	'lñlñ',	0),
(40,	'',	'',	0),
(41,	'WA',	'WWW',	0),
(42,	'wda',	'adawd',	0),
(43,	'wwwwwwww',	'wwwwwwww',	0),
(44,	'oip',	'opi',	0),
(45,	'',	'',	0),
(46,	'',	'',	0),
(47,	'wad',	'',	0),
(48,	'awd',	'sds<ad',	0),
(49,	'prueba',	'prueba',	0),
(50,	'wda',	'wad',	0),
(51,	'2',	'2',	0),
(52,	'nombre',	'codigo',	0),
(53,	'awd',	'awd',	0),
(54,	'Sencillo',	'd23fd2f2g2s3f2df23g',	1),
(55,	'habitacion',	'habitacion',	0),
(56,	'habitacion',	'habitacion',	0),
(57,	'',	'',	0),
(58,	'',	'  $tipo->guardar_',	0),
(59,	'',	'guardar_tipo',	0),
(60,	'',	'guardar_tipo',	0),
(61,	'',	'guardar_tipo',	0),
(62,	'',	'wadawd',	0),
(63,	'',	'sefsf',	0),
(64,	'qeqwe',	'qweqew',	0),
(65,	'1',	'1',	0),
(66,	'www',	'www',	0),
(67,	'www',	'www',	0),
(68,	'ww',	'www',	0),
(69,	'2',	'2',	0),
(70,	'3',	'3',	0),
(71,	'4',	'4',	0),
(72,	'1',	'1',	0),
(73,	'3',	'42',	0),
(74,	'2',	'2',	0),
(75,	'9',	'9',	0),
(76,	'',	'sef',	0),
(77,	'',	'sefs',	0),
(78,	'e',	'ssef',	0),
(79,	'e',	'ssef',	0),
(80,	'efwef',	'sfefse',	0),
(81,	'3',	'3',	0),
(82,	'4',	'4',	0),
(83,	'ee',	'ee',	0),
(84,	'1',	'1',	0),
(85,	'1',	'1',	0),
(86,	'W',	'Q',	0),
(87,	'0',	'0',	0),
(88,	'',	'pppp',	0),
(89,	'1',	'1',	0),
(90,	'2',	'2',	0),
(91,	'4',	'4',	0),
(92,	'1',	'1',	0),
(93,	'2',	'2',	0),
(94,	'1',	'1',	0),
(95,	'2',	'2',	0),
(96,	'',	'1',	0),
(97,	'2',	'',	0),
(98,	'2',	'',	0),
(99,	'1',	'1',	0),
(100,	'',	'22',	0),
(101,	'1',	'1',	0),
(102,	'2',	'2',	0),
(103,	'3',	'3',	0),
(104,	'2',	'2',	0),
(105,	'1',	'1',	0),
(106,	'2',	'2',	0),
(107,	'2',	'2',	0),
(108,	'1',	'1',	0),
(109,	'1',	'1',	0),
(110,	'2',	'2',	0),
(111,	'3',	'3',	0),
(112,	'e',	'e',	0),
(113,	'1',	'1',	0),
(114,	'3',	'3',	0),
(115,	'2',	'2',	0),
(116,	'1',	'1',	0),
(117,	'3',	'3',	0),
(118,	'2',	'2',	0),
(119,	'2',	'2',	0),
(120,	'3',	'3',	0),
(121,	'5',	'5',	0),
(122,	'7',	'7',	0),
(123,	'9',	'9',	0),
(124,	'4',	'4',	0),
(125,	'6',	'6',	0),
(126,	'7',	'7',	0),
(127,	'6',	'6',	0),
(128,	'22',	'2222',	0),
(129,	'wd',	'dw',	0),
(130,	'ee',	'dede',	0),
(131,	'ee',	'ee',	0),
(132,	'g6',	'g6',	0),
(133,	'666',	'666666',	0),
(134,	'g',	'g',	0),
(135,	'gg',	'ggg',	0),
(136,	'ihh',	'hihi',	0),
(137,	'ihh',	'hihi',	0),
(138,	'ihh',	'hihi',	0),
(139,	'ihh',	'hihi',	0),
(140,	'ihh',	'hihi',	0),
(141,	'ihh',	'hihi',	0),
(142,	'ihh',	'hihi',	0),
(143,	'ihh',	'hihi',	0),
(144,	'ui',	'ui',	0),
(145,	'y',	'y',	0),
(146,	'ee',	'we',	0),
(147,	'awd',	'awdd',	0),
(148,	'rytrt',	'tyrtyrty',	0),
(149,	'yrtytr',	'rytrty',	0),
(150,	'ed',	'efsef',	0),
(151,	'wda',	'dawdad',	0),
(152,	'nombre',	'codigo',	0),
(153,	'Nombre tipo habitacion',	'codigo de la habitacion',	0),
(154,	'WDA',	'WDA',	0),
(155,	'nombre',	'codigo',	0),
(156,	'WW',	'WW',	0),
(157,	'nombre',	'codigo',	0),
(158,	'awd',	'awdad',	0),
(159,	'nombre',	'codigo',	0),
(160,	'789',	'789',	0),
(161,	'awd',	'awdad',	0),
(162,	'awd',	'awdad',	0),
(163,	'awd',	'ad',	0),
(164,	'nombre',	'codigo',	0),
(165,	'´0',	'123ó',	0),
(166,	'we',	'qweq',	0),
(167,	'',	'codigo',	0),
(168,	'nombre',	'codigo',	0),
(169,	'',	'adw',	0),
(170,	'',	'',	0),
(171,	'w',	'daw',	0),
(172,	'awd',	'ad',	0),
(173,	'ada',	'awdad',	0),
(174,	'awdad{',	'awdad{',	0),
(175,	' ',	'´ ',	0),
(176,	'sefsef',	'sefsf',	0),
(177,	'nombre',	'codigo',	0),
(178,	'nombre',	'codigo',	0),
(179,	'nombre',	'codigo',	0),
(180,	'Tipo de la habitacion',	'Codigo de la habitacion',	0),
(181,	'Torre',	'684fs96g84e9sf41s6sef',	0),
(182,	'Nombre tipo habitacion',	'Codigo tipo',	0),
(183,	'Nombre',	'Codigo',	0),
(184,	'wa',	'awe',	0),
(185,	'EQ2E',	'Q2EQ2E',	0),
(186,	'Q2E',	'Q2EQ2',	0),
(187,	'qqwqq',	'qqqqq',	0),
(188,	'3445r',	'345345r',	0),
(189,	'Torres',	'qv4tv4yn3vcc4tw6umdm5sb4',	1),
(190,	'nombre',	'codigo',	0),
(191,	'45',	'45',	0),
(192,	'Nombre 1',	'Codigo 1',	0),
(193,	'nombre',	'codigo',	0),
(194,	'wda',	'awdad',	0),
(195,	'Nombre',	'Codigo',	0),
(196,	'Suite',	'sv3rvw3vst4bs3r3rsvr3sd4nv',	1),
(197,	'Junior suite',	'qvwev4tyynn4eym6un6n5',	1),
(198,	'Gran suite',	'cwvetnwm6578m7m5456',	1),
(199,	'Individuales',	'q3v34tbe5ynen4ten',	1),
(200,	'Cuádruples',	'cd',	0),
(201,	'Habitaciones matrimoniales',	'3vw5m7658,68,55',	1),
(202,	'Habitaciones compartidas',	'qve34tnet46eme6em6',	1),
(203,	'Nombre',	'Codigo3',	0),
(204,	'aw',	'awd',	0),
(205,	'Nombre',	'Codigo',	0),
(206,	'NombreNombre',	'CodigoCodigo',	0),
(207,	'a',	'a',	1);

CREATE TABLE `token` (
  `id` int(11) NOT NULL AUTO_INCREMENT,
  `token` varchar(256) CHARACTER SET utf8 COLLATE utf8_spanish_ci NOT NULL,
  `usuario` int(11) NOT NULL,
  `fecha_generado` int(11) NOT NULL,
  `fecha_vencimiento` int(11) NOT NULL,
  `activo` int(11) NOT NULL,
  PRIMARY KEY (`id`),
  KEY `usuario` (`usuario`)
) ENGINE=InnoDB AUTO_INCREMENT=59 DEFAULT CHARSET=utf8mb4 COLLATE=utf8mb4_general_ci;

INSERT INTO `token` (`id`, `token`, `usuario`, `fecha_generado`, `fecha_vencimiento`, `activo`) VALUES
(1,	'049c301caab0a61ebd596042af2f08ab4ca0e3ae28ea8c5aa354e887aa773072',	2,	1660064098,	1660668898,	1),
(2,	'705be56418bd32410bb8535267841422194c243192497cdbb3417cabf32c864a',	2,	1660064152,	1660668952,	1),
(3,	'31b4b4332632a739f82539f23d4f9e12e6dc3e24f4d565f16cc30251bf22c1f3',	2,	1660070218,	1660675018,	1),
(4,	'a03b8c9dd28e27c2fa9d95d431879aaece5b230295851c8dfbaaacce8e9ef018',	2,	1660142521,	1660747321,	1),
(5,	'778483107f2ceaacbaa6d8ab4eecd5cc00a9a98376fb8d333b30c4d08e7ef178',	2,	1660142794,	1660747594,	1),
(6,	'939841962ddfe4964ca93efd867a570ce2644a2b0bf03990e8ded95f612a4dce',	2,	1660145463,	1660750263,	1),
(7,	'4b67755e1dd8677597eb26a3bbd8540929685a894469d3cd3ae22d9de1d21a29',	2,	1660154994,	1660759794,	1),
(8,	'5aaf65866ffbfdfd4aab598b3d4ac240aae257878ed5f5d4acd95e1325198690',	2,	1660256588,	1660861388,	1),
(9,	'89e87e723780cb1d91b70d733e15f9cc6609fa7f9448c8570be8e56347a09398',	2,	1660314501,	1660919301,	1),
(10,	'aa642b79508fb68d3789963980ed92b8eef26a762ef49b5d6bc7d6d741ac6dce',	2,	1660319570,	1660924370,	1),
(11,	'ca5a8288f4fda5b1ebe046c1e61c9177dfe075776bec7c45d79fa10973627e4a',	2,	1660323756,	1660928556,	1),
(12,	'064c33b9b4ec8201ba61a0e95a7b4a64e706079f45afd7878dabff5084cc762d',	2,	1660596162,	1661200962,	1),
(13,	'09e5b6fa949d6e2061bf81c65d5885cc1314e93e87c5681ee07a6e968a14220a',	2,	1660596422,	1661201222,	1),
(14,	'8fe12dad592ed931966e645d336db62bbc5de783af2712a27d72e2df5e91fc5f',	2,	1660674635,	1661279435,	1),
(15,	'21c57564fb1019e1e2c0a1cd2477b48ab1537d2378bacd13d59987d537409726',	2,	1660751211,	1661356011,	1),
(16,	'423e68b29b009ae648af01edcce45236b42657016ceb47ab347dd7a4a237206a',	2,	1660751213,	1661356013,	1),
(17,	'7ccac55a7a8fcf8f0f775bc6f3cbc1882d55eb9f7a8f2ef0a6f6e47e81507958',	2,	1660751220,	1661356020,	1),
(18,	'df4e4901f9ab44b4c779da0f919f24f9cb14995131d14b4e5a8782a05af5a990',	2,	1660751523,	1661356323,	1),
(19,	'f2265dea2bd918c4e9dc91cd54b2f6a7a7ba8082f4e2e510f94c9e35752046a5',	2,	1660859535,	1661464335,	1),
(20,	'3dc96b90d22aae12e8ec3f6c45c27818ae9ee1094915408e483bbfe7b78a0ea0',	2,	1660860299,	1661465099,	1),
(21,	'975976c72625181846f93c4d78fde8fbc73fe48e01745e8e9b92e54394079f91',	2,	1661531461,	1662136261,	1),
(22,	'd848360f6f5a1f2bfd98e98baae976575098f442c68d62dd8230fb41ee853f2e',	2,	1661798179,	1662402979,	1),
(23,	'd1af3aaf0e0749f6cd6a127c7b0da479f3625ca853c0a3f5e3e1a97c0a8d8211',	2,	1661805736,	1662410536,	1),
(24,	'7b7214bda86a9ecd068ad82f58483ac699f67edc02290265011f8ae1db99da91',	2,	1661893709,	1662498509,	1),
(25,	'8d9e009c051ab939287b8bd91a1eeee23c08522b377e2c996187c7f3f93d7d31',	2,	1661897358,	1662502158,	1),
(26,	'480ace8f2f9d94832292f29e7c991851e740bd546bf2ad36ec49a7bca07acc2d',	2,	1661959020,	1662563820,	1),
(27,	'6d8b678714e9f9fd50cbee589fcc9359ed4dc5f21ba8d9f4f465eb61d9d7a330',	2,	1661959066,	1662563866,	1),
(28,	'cd5841b7ec940f4184e74549f1206d9aadda8401adbf311f20cf38beae044895',	2,	1662387566,	1662992366,	1),
(29,	'3e8cdaa7c417830f0f7aca2f8e21f1910303188567a77cbc36ceb8a103fbc59d',	2,	1662476735,	1663081535,	1),
(30,	'9fc58da23fb41fdc1b5f21d2f13ac314b2d615e92f6b96254017282095c0c256',	2,	1662757346,	1663362146,	1),
(31,	'8cb4f1ec89125c8d050408ab287ace0ae31b3d8be484da4a4ff8e7baf9ed47c3',	1,	1666796744,	1667401544,	1),
(32,	'8cb8c611477e54c205b5e86a40cad18287d58afc2a1ec64b4052c2baec9d6da3',	10,	1666796894,	1667401694,	1),
(33,	'0b118a9e156bd85ebbd3b883aeab964e126e2501e0edbc6723a0f209c59194f5',	2,	1669994955,	1670599755,	1),
(34,	'5f722f64e597340191c4bbcd580458fb7eebd48995e4a53c8ad173ae212900b1',	2,	1677856569,	1678461369,	1),
(35,	'449067d7735527f81e970cb173be760bf4826c189e778b677b3760954aa0bfb9',	2,	1678119449,	1678724249,	1),
(36,	'99906526b01baa270388e8668cdd88c54f6ec71270d6a40d6d820895e60a3863',	2,	1678120073,	1678724873,	1),
(37,	'f25f8b8c8f1a28292cabb7356cf8006b1a451b57a5565d6d5fdfa67dc6a05a51',	2,	1678144237,	1678749037,	1),
(38,	'b2bc8f32a5be21d2236bdf20ca8625539c91f4a80c401c4f213ba1ab8316fd8f',	2,	1678743712,	1679348512,	1),
(39,	'c9202319aa1a059407ad0f3066511fb53a9e87e9f2489e72e02165e531488266',	2,	1678902730,	1679507530,	1),
(40,	'772ce0d3ff67b47c7c56e670b167d4812a61cb9a28ec46de621110430685ccb9',	2,	1678903462,	1679508262,	1),
(41,	'a7dedc7b9fffafba563b9ff390ea37bda4de22146189068802ec63503dc2bb59',	2,	1678923524,	1679528324,	1),
(42,	'e50d46aa47ee1a562ea7593dd6a565d215641afa71bb37bf8821facb2d271795',	2,	1679097433,	1679702233,	1),
(43,	'7b87d9b301b2c2c81c3ec800246a58769bb47e8234f2dee1ae8ece1e1ea45534',	2,	1679097618,	1679702418,	1),
(44,	'0b08b66dab5b7dbacebe5b3f9a34766c0c46d45b6fadb70a1e4f79560da81ec7',	2,	1679097668,	1679702468,	1),
(45,	'1c15f97f0684e13619e6161e533cd25f98a4db46381f3569831454ac551f7ba7',	2,	1679097974,	1679702774,	1),
(46,	'd92ce475d3e8b73f67fe440213a89a525d2d07f3e555f7573c5bb8e74a3e9b60',	2,	1679097989,	1679702789,	1),
(47,	'1db8ebd1e3996e6d1aeeca3ff7603fde51270cc39344a5cefba2cf4c395d2bec',	2,	1679098047,	1679702847,	1),
(48,	'e067f0e7016f257bf27108667ae5ff0bc0efefce5e0332197dc7ba97a7fbe3cc',	2,	1679098078,	1679702878,	1),
(49,	'193b0e39d60ed38b7e5f76c80ed8fe58610f3397b53c615caf5aa8a869e60167',	2,	1679098101,	1679702901,	1),
(50,	'6008b79abc4f7e2f387a97067aa316d3204b15156e6fb6f7693c2c11f7e6fc46',	2,	1679098144,	1679702944,	1),
(51,	'4dfe709a34ffe70645ae3cda476ec7ea984c77fee8ff4cb2be025cf48e79f930',	2,	1679098156,	1679702956,	1),
(52,	'185b2013716c3848189eb959eadfc5cd748fd94f16c04fc4c7a276f502613302',	2,	1679099284,	1679704084,	1),
(53,	'b6f7760b9f23bf9373480ead079b3d9f7117f8a1f145fe8fdcf7103309eb9c1c',	2,	1680014648,	1680619448,	1),
(54,	'51b63e67fbafac73243bd7baeb6ee30f6b632bcd8645d7846800317dda2df6c3',	2,	1680044697,	1680649497,	1),
(55,	'c20db054d60eca3794feae0d1a0b03d0cdb868c02f294dd49ce3b58b9d023c75',	2,	1680044743,	1680649543,	1),
(56,	'c01b0d84d4296bd222a4c61dbd7fde6f9eec81b0b0ca371090e7cd3180380014',	12,	1680048946,	1680653746,	1),
(57,	'0081b70f9f51cf5d4831991973fb9090adb9a5abfe64c75afa5076ebf4fdbf13',	2,	1680101449,	1680706249,	1),
(58,	'f29f8b5b4993b3789c1dffb37e6e2eab68086db0d2ad3900c9679c13243dfdf0',	2,	1680104105,	1680708905,	1);

CREATE TABLE `usuario` (
  `id` int(11) NOT NULL AUTO_INCREMENT,
  `usuario` varchar(256) CHARACTER SET utf8 COLLATE utf8_spanish_ci DEFAULT NULL,
  `pass` varchar(256) CHARACTER SET utf8 COLLATE utf8_spanish_ci DEFAULT NULL,
  `nivel` int(11) DEFAULT NULL,
  `estado` int(11) DEFAULT NULL,
  `activo` int(11) DEFAULT NULL,
  `nombre_completo` varchar(256) CHARACTER SET utf8 COLLATE utf8_spanish_ci DEFAULT NULL,
  `puesto` varchar(256) CHARACTER SET utf8 COLLATE utf8_spanish_ci DEFAULT NULL,
  `celular` varchar(256) CHARACTER SET utf8 COLLATE utf8_spanish_ci DEFAULT NULL,
  `correo` varchar(256) CHARACTER SET utf8 COLLATE utf8_spanish_ci DEFAULT NULL,
  `direccion` tinytext CHARACTER SET utf8 COLLATE utf8_spanish_ci DEFAULT NULL,
  `usuario_ver` int(11) DEFAULT NULL,
  `usuario_agregar` int(11) DEFAULT NULL,
  `usuario_editar` int(11) DEFAULT NULL,
  `usuario_borrar` int(11) DEFAULT NULL,
  `huesped_ver` int(11) DEFAULT NULL,
  `huesped_agregar` int(11) DEFAULT NULL,
  `huesped_editar` int(11) DEFAULT NULL,
  `huesped_borrar` int(11) DEFAULT NULL,
  `tipo_ver` int(11) DEFAULT NULL,
  `tipo_agregar` int(11) DEFAULT NULL,
  `tipo_editar` int(11) DEFAULT NULL,
  `tipo_borrar` int(11) DEFAULT NULL,
  `tarifa_ver` int(11) DEFAULT NULL,
  `tarifa_agregar` int(11) DEFAULT NULL,
  `tarifa_editar` int(11) DEFAULT NULL,
  `tarifa_borrar` int(11) DEFAULT NULL,
  `hab_ver` int(11) DEFAULT NULL,
  `hab_agregar` int(11) DEFAULT NULL,
  `hab_editar` int(11) DEFAULT NULL,
  `hab_borrar` int(11) DEFAULT NULL,
  `reservacion_ver` int(11) DEFAULT NULL,
  `reservacion_agregar` int(11) DEFAULT NULL,
  `reservacion_editar` int(11) DEFAULT NULL,
  `reservacion_borrar` int(11) DEFAULT NULL,
  `reporte_ver` int(11) DEFAULT NULL,
  `reporte_agregar` int(11) DEFAULT NULL,
  `forma_pago_ver` int(11) DEFAULT NULL,
  `forma_pago_agregar` int(11) DEFAULT NULL,
  `forma_pago_editar` int(11) DEFAULT NULL,
  `forma_pago_borrar` int(11) DEFAULT NULL,
  `inventario_ver` int(11) DEFAULT NULL,
  `inventario_agregar` int(11) DEFAULT NULL,
  `inventario_editar` int(11) DEFAULT NULL,
  `inventario_borrar` int(11) DEFAULT NULL,
  `inventario_surtir` int(11) DEFAULT NULL,
  `categoria_ver` int(11) DEFAULT NULL,
  `categoria_agregar` int(11) DEFAULT NULL,
  `categoria_editar` int(11) DEFAULT NULL,
  `categoria_borrar` int(11) DEFAULT NULL,
  `restaurante_ver` int(11) DEFAULT NULL,
  `restaurante_agregar` int(11) DEFAULT NULL,
  `restaurante_editar` int(11) DEFAULT NULL,
  `restaurante_borrar` int(11) DEFAULT NULL,
  `cupon_ver` int(11) DEFAULT NULL,
  `cupon_agregar` int(11) DEFAULT NULL,
  `cupon_editar` int(11) DEFAULT NULL,
  `cupon_borrar` int(11) DEFAULT NULL,
  `logs_ver` int(11) DEFAULT NULL,
  `cuenta_editar` int(11) DEFAULT NULL,
  PRIMARY KEY (`id`)
) ENGINE=InnoDB AUTO_INCREMENT=13 DEFAULT CHARSET=utf8mb4 COLLATE=utf8mb4_general_ci;

INSERT INTO `usuario` (`id`, `usuario`, `pass`, `nivel`, `estado`, `activo`, `nombre_completo`, `puesto`, `celular`, `correo`, `direccion`, `usuario_ver`, `usuario_agregar`, `usuario_editar`, `usuario_borrar`, `huesped_ver`, `huesped_agregar`, `huesped_editar`, `huesped_borrar`, `tipo_ver`, `tipo_agregar`, `tipo_editar`, `tipo_borrar`, `tarifa_ver`, `tarifa_agregar`, `tarifa_editar`, `tarifa_borrar`, `hab_ver`, `hab_agregar`, `hab_editar`, `hab_borrar`, `reservacion_ver`, `reservacion_agregar`, `reservacion_editar`, `reservacion_borrar`, `reporte_ver`, `reporte_agregar`, `forma_pago_ver`, `forma_pago_agregar`, `forma_pago_editar`, `forma_pago_borrar`, `inventario_ver`, `inventario_agregar`, `inventario_editar`, `inventario_borrar`, `inventario_surtir`, `categoria_ver`, `categoria_agregar`, `categoria_editar`, `categoria_borrar`, `restaurante_ver`, `restaurante_agregar`, `restaurante_editar`, `restaurante_borrar`, `cupon_ver`, `cupon_agregar`, `cupon_editar`, `cupon_borrar`, `logs_ver`, `cuenta_editar`) VALUES
(1,	'carlosramongarcia',	'd4d7a6b8b3ed8ed86db2ef2cd728d8ec',	0,	1,	1,	'Carlos Garcia',	'',	'',	'',	'',	1,	1,	1,	1,	1,	1,	1,	1,	1,	1,	1,	1,	1,	1,	1,	1,	1,	1,	1,	1,	1,	1,	1,	1,	1,	1,	1,	1,	1,	1,	1,	1,	1,	1,	1,	1,	1,	1,	1,	1,	1,	1,	1,	1,	1,	1,	1,	1,	1),
(2,	'desarollo',	'202cb962ac59075b964b07152d234b70',	0,	1,	1,	'Desarollo',	'',	'',	'',	'',	1,	1,	1,	1,	1,	1,	1,	1,	1,	1,	1,	1,	1,	1,	1,	1,	1,	1,	1,	1,	1,	1,	1,	1,	1,	1,	1,	1,	1,	1,	1,	1,	1,	1,	1,	1,	1,	1,	1,	1,	1,	1,	1,	1,	1,	1,	1,	1,	1),
(3,	'Martha',	'3003051f6d158f6687b8a820c46bfa80',	2,	1,	1,	'Martha Gutierrez',	'Jefa de cajeras',	'3312456789',	'martha_gutierrez@hotmail.com',	'Alcalde 1011, Alcalde Barranquitas',	1,	1,	1,	1,	1,	1,	1,	1,	1,	1,	1,	1,	0,	1,	1,	0,	1,	1,	1,	1,	1,	1,	1,	1,	1,	1,	1,	1,	1,	1,	1,	1,	1,	1,	1,	1,	1,	1,	1,	1,	1,	1,	1,	0,	0,	0,	0,	0,	0),
(4,	'Clara',	'c4ca4238a0b923820dcc509a6f75849b',	3,	1,	1,	'Ana Clara Sandoval Mendez',	'Limpieza',	'3333355555',	'clara_sandoval@hotmail.com',	'Mar 5011, Montevideo ',	0,	0,	0,	0,	0,	0,	0,	0,	0,	0,	0,	0,	0,	0,	0,	0,	0,	0,	0,	0,	0,	0,	0,	0,	0,	0,	0,	0,	0,	0,	0,	0,	0,	0,	0,	0,	0,	0,	0,	0,	0,	0,	0,	0,	0,	0,	0,	0,	0),
(5,	'Paula',	'c4ca4238a0b923820dcc509a6f75849b',	3,	1,	1,	'Guerrero',	'Limpieza',	'3333377777',	'paula_guerrero@hotmail.com',	'Alcalde 722, Guerrero',	0,	0,	0,	0,	0,	0,	0,	0,	0,	0,	0,	0,	0,	0,	0,	0,	0,	0,	0,	0,	0,	0,	0,	0,	0,	0,	0,	0,	0,	0,	0,	0,	0,	0,	0,	0,	0,	0,	0,	0,	0,	0,	0,	0,	0,	0,	0,	0,	0),
(6,	'Martin',	'c4ca4238a0b923820dcc509a6f75849b',	4,	1,	1,	'Fonseca',	'Jefe de mantenimiento',	'3344558876',	'martin_fonseca@hotmail.com',	'Inglaterra #2003, Col. Chapultepec',	1,	0,	0,	0,	1,	0,	0,	0,	1,	0,	0,	0,	1,	0,	0,	0,	1,	0,	0,	0,	1,	0,	0,	0,	0,	0,	1,	0,	0,	0,	1,	0,	0,	0,	0,	1,	0,	0,	0,	1,	0,	0,	0,	0,	0,	0,	0,	0,	0),
(7,	'Felipe',	'c4ca4238a0b923820dcc509a6f75849b',	5,	1,	1,	'Coronel',	'Coordinador',	'3356895188',	'felipe_coronel@hotmail.com',	'Hidalgo 480, Col. Centro',	1,	1,	1,	1,	1,	1,	1,	1,	1,	1,	1,	1,	1,	1,	1,	1,	1,	1,	1,	1,	1,	1,	1,	1,	1,	1,	1,	1,	1,	1,	1,	1,	1,	1,	1,	1,	1,	1,	1,	1,	1,	1,	1,	1,	1,	1,	1,	1,	0),
(8,	'Martina',	'a32afbe54e4fbab0c8c44c01f5b90792',	6,	1,	1,	'Martina Vivire',	'Jefa de cocina',	'3355884129',	'jefaza_martina@hotmail.com',	'708 Mexicaltzingo ',	1,	0,	0,	0,	1,	0,	0,	0,	0,	0,	0,	0,	1,	0,	0,	0,	0,	0,	0,	0,	1,	0,	0,	0,	0,	0,	1,	0,	0,	0,	1,	1,	1,	1,	1,	1,	1,	1,	1,	1,	1,	1,	1,	0,	0,	0,	0,	0,	0),
(9,	'Vicky',	'3a824154b16ed7dab899bf000b80eeee',	3,	1,	1,	'Vicky Armida',	'Recamarera',	'3389756421',	'vicky-armida@gmail.com',	'El Fresno #4578 , Gdl.',	1,	0,	0,	0,	1,	0,	0,	0,	0,	0,	0,	0,	1,	0,	0,	0,	0,	0,	0,	0,	1,	0,	0,	0,	1,	0,	1,	0,	0,	0,	1,	0,	0,	0,	0,	1,	0,	0,	0,	1,	0,	0,	0,	0,	0,	0,	0,	0,	0),
(10,	'michelle',	'f95df23fa74be12a0db473572e11a34d',	1,	1,	1,	'Geovana Nallely Estrada Avalos',	'desarrollador',	'3312543221',	'g_12@hotmail.com',	'u.ikcgmfhjvghjihgvi',	1,	1,	1,	1,	1,	1,	1,	1,	0,	0,	0,	0,	1,	1,	1,	1,	0,	0,	0,	0,	1,	1,	1,	1,	1,	1,	1,	1,	1,	1,	1,	1,	1,	1,	1,	1,	1,	1,	1,	1,	1,	1,	1,	1,	1,	1,	1,	1,	NULL),
(12,	'prueba',	'202cb962ac59075b964b07152d234b70',	3,	1,	1,	'Vicky Armida',	'Recamarera',	'3389756421',	'vicky-armida@gmail.com',	'El Fresno #4578 , Gdl.',	1,	0,	0,	0,	1,	0,	0,	0,	0,	0,	0,	0,	1,	0,	0,	0,	0,	0,	0,	0,	1,	0,	0,	0,	1,	0,	1,	0,	0,	0,	1,	0,	0,	0,	0,	1,	0,	0,	0,	1,	0,	0,	0,	0,	0,	0,	0,	0,	0);

-- 2023-03-29 18:55:39
